Company-Year,Sector,stock_FinancialYEnd,stock_FollowingQtrEnd,BasicEPS,total shareholder's equity,Basic avg shares,NetIncomeAvailShareholders,ESG Risk Exposure Score,ESG Risk Managed Score,Sustainalytics ESG Risk Classification
ADM-2020,Consumer Staples,52.45191192626953,56.15447616577149,3.19,"20,000,000","556,000","1,772,000",58.75,24.183,7
ADM-2021,Consumer Staples,85.06822204589844,73.5248794555664,4.84,"22,477,000","560,000","2,709,000",58.933,24.282,7
ADM-2022,Consumer Staples,76.50296020507812,72.962646484375,7.93,"24,284,000","547,000","4,340,000",60.1,23.715,7
ADM-2023,Consumer Staples,61.71709060668945,59.95989227294922,6.44,"24,132,000","541,000","3,483,000",57.162,24.278,7
AEE-2020,Utilities,73.43846893310547,72.78661346435547,3.53,"8,938,000","247,000","871,000",64.695,28.425,7.545
AEE-2021,Utilities,86.90641784667969,84.310302734375,3.86,"9,700,000","256,300","990,000",62.688,31.554,5.833
AEE-2022,Utilities,82.19402313232422,78.29534912109375,4.16,"10,508,000","258,400","1,074,000",62.729,33.473,5
AEE-2023,Utilities,72.60014343261719,70.44337463378906,4.39,"11,349,000","262,800","1,152,000",63.933,35.387,5
AEP-2020,Utilities,73.69889831542969,74.28199005126953,4.44,"20,550,900","495,718","2,200,100",72.2,38.438,7
AEP-2021,Utilities,89.92811584472656,87.23026275634766,4.97,"22,433,200","500,522","2,488,100",68.025,35.229,7
AEP-2022,Utilities,84.82612609863281,79.22364044189453,4.51,"23,893,400","511,842","2,307,200",62.925,34.727,6
AEP-2023,Utilities,83.53663635253906,86.1076889038086,4.26,"25,246,700","518,904","2,208,100",61.279,35.737,5
AFL-2020,Financials,46.99625015258789,49.62252807617188,6.69,"33,559,000","713,702","4,778,000",36,12.317,5
AFL-2021,Financials,60.58843231201172,52.38964462280273,6.42,"33,253,000","673,617","4,231,000",35.887,13.169,4.833
AFL-2022,Financials,62.29008483886719,67.7885513305664,6.96,"20,140,000","634,816","4,418,000",34.65,17.47,3
AFL-2023,Financials,84.83270263671875,88.8007583618164,7.81,"21,985,000","596,173","4,659,000",36.733,18.707,3
AIG-2020,Financials,42.57791137695312,44.15031051635742,-6.88,"66,362,000","869,309","-5,973,000",47.814,16.717,6.636
AIG-2021,Financials,59.27472305297852,48.5482177734375,12.10,"65,956,000","854,320","10,338,000",48.225,20.663,5.333
AIG-2022,Financials,48.64371871948242,55.95235443115234,13.10,"40,970,000","778,621","10,198,000",49.338,23.61,5
AIG-2023,Financials,77.3792724609375,73.83929443359375,5.02,"45,351,000","719,506","3,614,000",48.725,23.887,5
AKAM-2020,Information Technology,101.9000015258789,116.5999984741211,3.43,"4,251,296","162,490","557,054",34.95,13.797,5
AKAM-2021,Information Technology,119.3899993896484,91.33000183105467,4.01,"4,530,014","162,665","651,642",35.375,14.678,4.5
AKAM-2022,Information Technology,78.30000305175781,89.87000274658203,3.29,"4,360,187","159,089","523,672",36.208,17.528,3
AKAM-2023,Information Technology,108.7600021362305,90.08000183105467,3.59,"4,597,155","152,510","547,629",37.108,20.677,3
ALB-2020,Materials,141.7695007324219,163.8751831054688,3.53,"4,268,227","106,402","375,764",55.073,18.23,7
ALB-2021,Materials,216.3252410888672,204.8438262939453,1.07,"5,625,266","115,841","123,672",55.113,18.207,7
ALB-2022,Materials,217.6294708251953,220.0584106445312,22.97,"7,982,627","117,120","2,689,816",56.033,27.128,5
ALB-2023,Materials,130.8357391357422,95.1669692993164,13.41,"9,412,180","117,317","1,573,476",56.375,29.455,5
AME-2020,Industrials,124.8592147827148,130.7139434814453,3.80,"5,949,346","229,435","872,439",38.45,9.568,5
AME-2021,Industrials,130.9798583984375,108.2594833374023,4.29,"6,871,884","230,955","990,053",38.45,12.483,5
AME-2022,Industrials,143.9048767089844,160.5777435302734,5.04,"7,476,512","231,536","1,159,542",38.075,13.712,5
AME-2023,Industrials,182.3220520019531,166.4416198730469,5.70,"8,730,191","230,519","1,313,188",38.125,14.284,5
AMT-2020,Real Estate,217.1354064941407,245.3650360107422,3.81,"4,093,500","443,640","1,690,600",26.55,8.939,3
AMT-2021,Real Estate,232.6863555908203,236.7339630126953,5.69,"5,081,200","451,498","2,567,700",24.267,12.033,3
AMT-2022,Real Estate,194.2323608398437,184.3468322753907,3.83,"5,572,400","461,519","1,765,800",23.35,12.468,3
AMT-2023,Real Estate,194.2186584472656,191.0634307861328,3.18,"4,198,200","466,063","1,483,300",24.588,13.697,3
ANET-2020,Information Technology,75.47250366210938,90.57749938964844,2.09,"3,320,291","303,936","634,557",27.9,9.2,3
ANET-2021,Information Technology,138.9799957275391,93.73999786376952,2.74,"3,978,600","306,512","840,854",27.9,10.145,3
ANET-2022,Information Technology,167.8600006103516,162.0599975585938,4.41,"4,885,820","306,473","1,352,446",27.9,11.147,3
ANET-2023,Information Technology,289.9800109863281,350.4800109863281,6.75,"7,219,059","309,354","2,087,321",27.9,11.388,3
ANSS-2020,Information Technology,339.5599975585937,347.0599975585937,5.05,"4,097,872","85,840","433,887",28.25,12.853,3
ANSS-2021,Information Technology,317.6499938964844,239.2899932861328,5.22,"4,484,048","87,100","454,627",28.204,13.322,3
ANSS-2022,Information Technology,332.7999877929688,330.2699890136719,6.02,"4,865,851","87,051","523,710",27.7,14.586,3
ANSS-2023,Information Technology,347.1600036621094,321.5,5.76,"5,390,364","86,833","500,412",29.9,15.463,3
APH-2020,Information Technology,31.8934440612793,33.14781951904297,1.01,"5,384,900","1,192,000","1,203,400",34.4,10.538,5
APH-2021,Information Technology,36.74992752075195,31.48165702819824,1.33,"6,302,000","1,195,800","1,590,800",33.758,11.353,5
APH-2022,Information Technology,40.30868911743164,42.01679611206055,1.59,"7,015,600","1,192,400","1,902,300",33.3,11.792,5
APH-2023,Information Technology,57.46736526489258,67.26284790039062,1.61,"8,346,500","1,193,000","1,928,000",34.175,13.992,3.5
APTV-2020,Consumer Discretionary,137.8999938964844,157.3300018310547,6.72,"7,905,000","263,430","1,769,000",35.85,20.166,3
APTV-2021,Consumer Discretionary,119.7099990844727,89.06999969482422,1.95,"8,347,000","270,460","527,000",35.85,22.233,3
APTV-2022,Consumer Discretionary,112.1900024414062,102.0899963378906,1.96,"8,809,000","270,900","531,000",35.142,23.155,3
APTV-2023,Consumer Discretionary,79.6500015258789,70.41999816894531,10.50,"11,548,000","276,920","2,909,000",35.275,24.522,3
AVY-2020,Materials,173.9944610595703,199.880874633789,6.66,"1,484,900","83,151","555,900",30.2,11.588,3
AVY-2021,Materials,166.9355621337891,155.9265899658203,8.94,"1,924,400","82,606","740,100",30.2,12.268,3
AVY-2022,Materials,174.4947357177734,168.2352447509766,9.28,"2,032,200","81,600","757,100",31.117,15.38,3
AVY-2023,Materials,221.5528717041016,217.8041229248047,6.25,"2,127,900","80,496","503,000",32.3,16.373,3
AWK-2020,Utilities,140.8086090087891,145.2498168945312,3.91,"6,454,000","181,000","709,000",54.95,25.868,5
AWK-2021,Utilities,157.7078247070312,142.2915649414062,6.96,"7,298,000","182,000","1,263,000",54.275,26.275,5
AWK-2022,Utilities,141.9931793212891,138.9490661621094,4.51,"7,693,000","182,000","820,000",53.867,26.699,5
AWK-2023,Utilities,120.8178100585938,128.4308013916016,4.90,"9,797,000","193,000","944,000",51.85,30.118,5
AXP-2020,Financials,134.7503356933594,158.4420013427734,3.77,"22,984,000","805,000","3,036,000",37.15,15.826,4.167
AXP-2021,Financials,180.232437133789,133.9386138916016,10.04,"22,177,000","789,000","7,917,000",37.696,18.063,3.167
AXP-2022,Financials,161.0424041748047,170.6627655029297,9.86,"24,711,000","751,000","7,400,000",38.55,19.427,3.5
AXP-2023,Financials,225.5838623046875,230.1492919921875,11.23,"28,057,000","735,000","8,252,000",38.55,19.938,3
BA-2020,Industrials,254.7200012207031,239.5599975585937,-20.88,"-18,316,000","568,630","-11,873,000",56.279,17.613,7
BA-2021,Industrials,191.5,136.7200012207031,-7.15,"-14,999,000","587,692","-4,202,000",56.312,20.042,7
BA-2022,Industrials,212.4299926757812,211.1600036621093,-8.30,"-15,883,000","594,578","-4,935,000",57.325,22.65,7
BA-2023,Industrials,192.9900054931641,182.009994506836,-3.67,"-17,233,000","605,450","-2,222,000",64.917,25.327,7
BALL-2020,Materials,81.36012268066406,77.92401123046875,1.79,"3,275,000","326,260","585,000",30.3,15.048,3
BALL-2021,Materials,87.08357238769531,66.68829345703125,2.69,"3,627,000","325,989","878,000",30.3,16.173,3
BALL-2022,Materials,53.9736442565918,57.21369552612305,2.27,"3,461,000","316,433","719,000",29.475,17.867,3
BALL-2023,Materials,66.9521255493164,59.84710693359375,2.25,"3,769,000","314,775","707,000",31.183,19.551,3
BK-2020,Financials,42.10107803344727,45.95890808105469,3.84,"45,801,000","890,839","3,417,000",43.196,20.382,5
BK-2021,Financials,45.37885284423828,38.36070251464844,4.17,"43,034,000","851,799","3,550,000",47.625,25.158,5
BK-2022,Financials,42.86501693725586,42.31720733642578,2.91,"40,734,000","811,068","2,362,000",49.342,27.758,5
BK-2023,Financials,56.33713531494141,59.01018905639648,3.89,"40,874,000","784,069","3,051,000",50.217,29.706,4.5
BKNG-2020,Consumer Discretionary,2318.55615234375,2177.49267578125,1.45,"4,893,000","40,974","59,000",28.209,8.692,3
BKNG-2021,Consumer Discretionary,2337.075927734375,1740.519165039062,28.39,"6,178,000","41,042","1,165,000",29.633,9.465,3.333
BKNG-2022,Consumer Discretionary,2639.563720703125,2687.251953125,76.70,"2,782,000","39,872","3,058,000",35.55,13.266,5
BKNG-2023,Consumer Discretionary,3610.30908203125,3952.402099609375,118.67,"-2,744,000","36,140","4,289,000",34.675,14.087,4
BKR-2020,Energy,19.53232002258301,20.84107971191406,-14.73,"12,893,000","675,000","-9,940,000",47.7,25.56,5
BKR-2021,Energy,33.94528961181641,27.10074806213379,-0.27,"14,830,000","824,000","-219,000",48.492,27.396,5
BKR-2022,Energy,27.61410522460937,30.42957496643066,-0.61,"14,394,000","987,000","-601,000",48.721,26.967,5
BKR-2023,Energy,32.83813095092773,34.72608184814453,1.93,"15,368,000","1,008,000","1,943,000",48.454,25.016,5
BLDR-2020,Industrials,46.36999893188477,42.65999984741211,2.69,"1,152,783","116,611","313,537",40.2,8.823,7
BLDR-2021,Industrials,64.54000091552734,53.70000076293945,8.55,"4,802,481","201,839","1,725,416",40.242,8.217,7
BLDR-2022,Industrials,88.77999877929688,136,16.98,"4,962,566","161,960","2,749,369",43.45,11.597,7
BLDR-2023,Industrials,208.5500030517578,138.4100036621094,12.06,"4,732,351","127,777","1,540,555",44,12.42,7
BRO-2020,Financials,44.54298400878906,51.89364242553711,1.70,"3,754,223","274,334","465,300",32.75,8.272,5
BRO-2021,Financials,70.93604278564453,57.34992980957031,2.08,"4,196,900","276,024","574,200",33.158,8.771,5
BRO-2022,Financials,56.74468231201172,68.16459655761719,2.38,"4,606,600","277,521","659,100",33.45,11.023,5
BRO-2023,Financials,87.1419906616211,89.15292358398438,3.07,"5,578,800","279,600","857,200",33.533,12.42,5
BWA-2020,Consumer Discretionary,38.76749801635742,40.74402618408203,2.09,"6,428,000","238,931","500,000",37.175,13.293,5
BWA-2021,Consumer Discretionary,33.01601791381836,28.43717193603516,2.24,"6,948,000","239,777","537,000",36.383,18.681,3.833
BWA-2022,Consumer Discretionary,42.38973617553711,42.36067581176758,4.03,"7,224,000","234,122","944,000",35.767,22.423,3
BWA-2023,Consumer Discretionary,34.50906753540039,32.14055252075195,2.72,"5,828,000","229,784","625,000",35.254,22.783,3
BXP-2020,Real Estate,84.5732650756836,96.62525177001952,5.54,"5,996,083","155,432","861,479",27.6,13.398,3
BXP-2021,Real Estate,111.4305572509766,77.5540771484375,3.18,"5,834,020","156,121","496,223",27.35,13.657,3
BXP-2022,Real Estate,49.024658203125,53.14792251586914,5.42,"6,132,919","156,724","848,056",27.15,14.123,3
BXP-2023,Real Estate,63.23258590698242,60.57391357421875,1.21,"5,876,697","156,864","190,215",27.175,14.673,3
CBOE-2020,Financials,94.199462890625,114.1105041503906,4.28,"3,348,900","109,100","467,000",29.65,8.324,4.818
CBOE-2021,Financials,110.9273147583008,110.1858673095703,4.93,"3,604,800","107,000","527,300",30.175,11.263,3
CBOE-2022,Financials,132.3314514160156,136.5743865966797,2.20,"3,465,300","106,300","234,100",32.096,12.539,3.167
CBOE-2023,Financials,183.729995727539,170.0599975585938,7.16,"3,985,000","105,800","757,500",35.9,14.965,5
CCI-2020,Real Estate,147.8323974609375,169.0032653808594,2.36,"9,461,000","423,000","999,000",27.7,7.728,4.5
CCI-2021,Real Estate,163.3214721679688,150.2431335449219,2.54,"8,258,000","432,000","1,096,000",25.45,10.955,3
CCI-2022,Real Estate,122.8731918334961,105.8726806640625,3.87,"7,449,000","433,000","1,675,000",24.817,12.162,2.667
CCI-2023,Real Estate,102.6900863647461,96.16838836669922,3.46,"6,381,000","434,000","1,502,000",25.737,15.453,1.667
CDNS-2020,Information Technology,136.9900054931641,136.8200073242188,2.16,"2,493,018","273,728","590,644",30.85,13.723,3
CDNS-2021,Information Technology,164.4600067138672,150.0299987792969,2.54,"2,740,675","273,504","695,955",29.421,14.702,3
CDNS-2022,Information Technology,210.0899963378907,234.5200042724609,3.13,"2,745,113","271,198","848,952",28.9,16.155,3
CDNS-2023,Information Technology,311.2799987792969,307.75,3.86,"3,404,271","269,381","1,041,144",30.679,18.592,3
CE-2020,Materials,138.3646087646484,140.7697296142578,16.85,"3,526,000","117,800","1,985,000",52.409,22.371,5.727
CE-2021,Materials,134.4152984619141,111.1443405151367,16.99,"4,189,000","111,224","1,890,000",52.975,22.606,6.5
CE-2022,Materials,104.7881622314453,112.0850601196289,17.48,"5,637,000","108,380","1,894,000",53.2,23.722,5.333
CE-2023,Materials,169.4341888427734,133.6008911132812,18.01,"7,091,000","108,849","1,960,000",51.363,24.407,5
CF-2020,Materials,42.17963027954102,48.15627670288086,1.48,"2,922,000","214,900","317,000",63.508,21.486,8.167
CF-2021,Materials,98.0638656616211,81.89414978027344,4.27,"3,206,000","215,000","917,000",61.621,28.707,7
CF-2022,Materials,70.0738754272461,67.41669464111328,16.45,"5,051,000","203,300","3,346,000",58.525,27.899,6.333
CF-2023,Materials,82.1131820678711,73.62094116210938,7.89,"5,717,000","193,300","1,525,000",57.442,27.787,5.5
CHD-2020,Consumer Staples,83.82141876220703,82.02835083007812,3.18,"3,020,400","246,800","785,900",43.25,18.446,5
CHD-2021,Consumer Staples,96.4948501586914,90.21229553222656,3.38,"3,233,200","244,900","827,500",42.95,20.436,4.833
CHD-2022,Consumer Staples,86.87364196777344,98.81172943115234,1.70,"3,489,900","242,900","413,900",39.65,19.974,3
CHD-2023,Consumer Staples,103.7316665649414,103.4051971435547,3.09,"3,855,400","244,900","755,600",40.887,20.442,4.333
CHTR-2020,Communication Services,617.02001953125,721.4500122070312,15.85,"23,805,000","203,316","3,222,000",28.15,8.101,4.167
CHTR-2021,Communication Services,545.52001953125,468.5299987792969,25.34,"14,050,000","183,669","4,654,000",33.933,11.113,5
CHTR-2022,Communication Services,357.6099853515625,367.3699951171875,31.30,"9,119,000","161,501","5,055,000",42.354,16.717,5
CHTR-2023,Communication Services,290.6300048828125,298.9599914550781,30.54,"11,086,000","149,208","4,557,000",43.3,18.891,5
CL-2020,Consumer Staples,72.12767791748047,74.84884643554688,3.15,"743,000","856,800","2,695,000",40.365,18.407,5
CL-2021,Consumer Staples,70.96791076660156,75.40898132324219,2.56,"609,000","845,000","2,166,000",39.6,18.104,5
CL-2022,Consumer Staples,72.03397369384766,74.3100357055664,2.13,"401,000","836,400","1,785,000",41.767,19.702,5
CL-2023,Consumer Staples,88.5473403930664,95.99073791503906,2.78,"609,000","827,400","2,300,000",43.5,19.703,5
CMCSA-2020,Communication Services,49.20186614990234,52.08507537841797,2.30,"90,323,000","4,580,656","10,534,000",28.3,8.667,3
CMCSA-2021,Communication Services,43.33933258056641,36.50269317626953,3.12,"96,092,000","4,533,230","14,159,000",30.688,10.1,3.5
CMCSA-2022,Communication Services,36.02129364013672,39.78713607788086,1.27,"80,943,000","4,220,119","5,370,000",38.1,13.355,5
CMCSA-2023,Communication Services,42.40029525756836,38.55708312988281,3.87,"82,703,000","3,978,762","15,388,000",41.55,18.408,5
CMG-2020,Consumer Discretionary,28.41640090942383,31.00679969787598,0.25,"2,020,135","1,395,850","355,766",38.477,13.879,5
CMG-2021,Consumer Discretionary,31.64060020446777,26.14520072937012,0.46,"2,297,374","1,406,600","652,984",38.921,14.64,5
CMG-2022,Consumer Discretionary,34.16579818725586,42.77999877929688,0.65,"2,368,023","1,392,550","899,101",39.508,15.572,5
CMG-2023,Consumer Discretionary,58.13539886474609,62.65000152587891,0.89,"3,062,207","1,377,750","1,228,737",39.917,17.481,5
CMI-2020,Industrials,236.639877319336,223.9168243408203,12.07,"8,062,000","148,200","1,789,000",44.345,25.655,3
CMI-2021,Industrials,191.7423706054688,182.0994720458984,14.74,"8,146,000","144,600","2,131,000",44.4,26.068,3
CMI-2022,Industrials,229.3734436035156,236.8909606933593,15.20,"8,975,000","141,500","2,151,000",44.8,25.433,3
CMI-2023,Industrials,291.0554504394531,275.3089904785156,5.19,"8,850,000","141,700","735,000",44.875,25.649,3
CMS-2020,Utilities,54.5385627746582,53.03544616699219,2.65,"5,496,000","285,000","755,000",69.738,41.817,5
CMS-2021,Utilities,64.114013671875,62.31951141357422,4.66,"6,631,000","289,000","1,348,000",61.825,36.939,5
CMS-2022,Utilities,57.89834976196289,55.8681755065918,2.84,"7,015,000","291,300","827,000",58.454,37.328,5
CMS-2023,Utilities,58.83818435668945,58.58452987670898,2.98,"7,544,000","294,400","877,000",59.133,37.586,5
CNP-2020,Utilities,20.68091583251953,22.55588912963867,-1.79,"8,348,000","531,031","-949,000",55.45,23.25,7
CNP-2021,Utilities,28.72182846069336,27.90460395812988,2.35,"9,418,000","593,000","1,391,000",58.2,22.739,7
CNP-2022,Utilities,28.27157211303711,28.15679168701172,1.60,"10,045,000","629,000","1,008,000",51.55,25.99,5
CNP-2023,Utilities,28.09176445007324,30.771240234375,1.37,"9,667,000","631,000","867,000",58.517,30.821,5
COF-2020,Financials,118.7008209228516,144.8119201660156,5.19,"60,204,000","457,800","2,375,000",38.3,11.857,5
COF-2021,Financials,124.6100997924805,99.2670669555664,27.04,"61,029,000","442,500","11,965,000",38.3,15.104,5
COF-2022,Financials,93.17141723632812,106.4953842163086,17.98,"52,582,000","391,800","7,044,000",39.012,16.242,5
COF-2023,Financials,147.6059417724609,137.8670043945312,11.98,"58,089,000","382,400","4,582,000",37.792,16.092,5
COP-2020,Energy,46.42637634277344,53.86697006225586,-2.51,"29,849,000","1,078,030","-2,707,000",70.817,40.262,5.833
COP-2021,Energy,90.61166381835938,82.0320816040039,6.09,"45,406,000","1,324,194","8,060,000",72.333,36.638,7
COP-2022,Energy,94.4112777709961,99.65080261230467,14.62,"48,003,000","1,274,028","18,620,000",68.3,33.402,7
COP-2023,Energy,125.5795593261719,113.6569519042969,9.08,"49,279,000","1,202,757","10,922,000",70.717,36.244,7
CPAY-2020,Financials,268.6300048828125,256.0599975585937,8.38,"3,355,411","84,005","704,216",28.95,9.302,3.5
CPAY-2021,Financials,249.0599975585937,210.1100006103516,10.23,"2,866,580","82,060","839,497",29.95,11.825,3
CPAY-2022,Financials,210.8500061035156,251.0800018310547,12.62,"2,541,493","75,598","954,327",31.267,13.298,3
CPAY-2023,Financials,308.5400085449219,266.4100036621094,13.42,"3,282,359","73,155","981,890",32.85,14.807,3
CPT-2020,Real Estate,98.20367431640624,119.4302520751953,1.24,"3,444,905","99,385","123,650",26.2,7.95,3
CPT-2021,Real Estate,152.1175842285156,123.7642822265625,2.97,"4,197,490","101,999","303,362",25.9,9.5,3
CPT-2022,Real Estate,98.72320556640624,103.526725769043,6.07,"4,986,620","107,605","652,623",27.3,11.437,3
CPT-2023,Real Estate,96.43385314941406,108.0859146118164,3.71,"4,980,757","108,653","402,663",27.937,11.907,3
CTRA-2020,Energy,15.26503849029541,14.26876926422119,0.50,"2,216,000","399,000","201,000",66.1,16.192,9
CTRA-2021,Energy,23.19742202758789,22.68036651611328,2.30,"11,738,000","503,000","1,155,000",65.9,18.124,9
CTRA-2022,Energy,23.08518600463867,24.35794639587402,5.09,"12,659,000","796,000","4,057,000",65.237,18.904,9
CTRA-2023,Energy,27.45288276672364,26.47111129760743,2.14,"13,039,000","756,000","1,620,000",63.967,24.63,7.667
CTSH-2020,Information Technology,74.0518569946289,65.86093139648438,2.58,"10,836,000","540,000","1,392,000",36.3,15.215,4.5
CTSH-2021,Information Technology,86.08234405517578,64.98596954345703,4.06,"11,991,000","527,000","2,137,000",32.213,13.64,3.5
CTSH-2022,Information Technology,59.39743804931641,63.91412734985352,4.42,"12,309,000","518,000","2,290,000",30.85,14.969,3
CTSH-2023,Information Technology,72.69676208496094,67.7099380493164,4.21,"13,227,000","505,000","2,126,000",30.85,16.298,3
CVX-2020,Energy,90.5629425048828,91.79926300048828,-2.96,"131,688,000","1,870,027","-5,543,000",76.45,36.072,8.667
CVX-2021,Energy,148.0988311767578,133.0643463134766,8.15,"139,067,000","1,915,989","15,625,000",73.5,32.826,8.833
CVX-2022,Energy,153.7446136474609,149.5805969238281,18.36,"159,282,000","1,931,486","35,465,000",70.929,30.483,8
CVX-2023,Energy,154.4774780273438,154.8562774658203,11.41,"160,957,000","1,872,737","21,369,000",70.171,32.934,7
D-2020,Utilities,65.37915802001953,63.90065765380859,-0.50,"26,117,000","806,000","-466,000",68.291,35.443,7
D-2021,Utilities,75.68745422363281,71.68855285644531,4.06,"27,308,000","810,000","3,331,000",64.637,36.187,5
D-2022,Utilities,51.60552597045898,48.39327239990234,1.19,"27,659,000","835,000","1,228,000",60.383,34.423,5
D-2023,Utilities,47.90469360351562,48.38818740844727,2.29,"27,529,000","836,400","1,913,000",60.317,33.899,5
DD-2020,Materials,72.37274932861328,72.8076400756836,-4.01,"38,504,000","735,500","-2,951,000",58.15,25.669,7
DD-2021,Materials,70.0094223022461,53.11483764648438,2.17,"26,433,000","542,700","6,467,000",58.075,27.965,6.833
DD-2022,Materials,69.6406021118164,69.66433715820312,11.63,"26,569,000","498,500","5,868,000",56.371,27.467,5
DD-2023,Materials,75.89726257324219,80.11617279052734,0.94,"24,279,000","449,900","423,000",56.483,27.822,5
DLR-2020,Real Estate,123.8510665893555,133.4587097167969,1.01,"17,717,697","260,099","263,342",27.1,12.796,3
DLR-2021,Real Estate,128.5099029541016,118.729362487793,5.95,"18,004,568","282,475","1,681,498",27.392,13.857,3
DLR-2022,Real Estate,92.72447967529295,108.6517791748047,1.18,"17,583,334","286,334","336,960",27.45,14.532,3
DLR-2023,Real Estate,141.6556091308594,150.8113555908203,3.04,"19,117,534","298,603","908,114",27,14.405,3
DOV-2020,Industrials,130.7264709472656,144.1359558105469,4.74,"3,385,773","144,050","683,451",45.95,14.258,6.5
DOV-2021,Industrials,151.5416564941406,117.5550918579102,7.81,"4,189,528","143,923","1,123,818",45.387,17.846,5
DOV-2022,Industrials,148.9078674316406,145.1975708007812,7.47,"4,286,366","142,681","1,065,376",44.6,19.45,5
DOV-2023,Industrials,176.143310546875,179.9433135986328,7.56,"5,106,605","139,848","1,056,828",45.417,19.509,5
DOW-2020,Materials,53.88549423217773,53.92191696166992,1.64,"12,435,000","740,500","1,216,000",47.05,17.623,6.333
DOW-2021,Materials,56.12439727783203,46.00638198852539,8.44,"18,165,000","743,600","6,279,000",46.775,22.528,5
DOW-2022,Materials,50.73861312866211,49.899169921875,6.32,"20,718,000","721,000","4,558,000",49.35,24.53,5
DOW-2023,Materials,56.51155471801758,52.40293502807617,0.82,"18,607,000","705,700","578,000",44.825,22.213,5
DPZ-2020,Consumer Discretionary,353.1850280761719,449.1437377929688,12.47,"-3,300,405","38,868","491,296",35.05,7.95,5
DPZ-2021,Consumer Discretionary,394.1033020019531,378.4293518066406,14.04,"-4,209,536","36,138","510,467",35.15,8.468,5
DPZ-2022,Consumer Discretionary,323.2441711425781,331.5469360351562,12.78,"-4,189,065","35,420","452,263",37.925,7.502,6.667
DPZ-2023,Consumer Discretionary,493.8075866699219,514.85546875,14.80,"-4,070,367","35,082","519,118",39.117,8.484,6.333
DTE-2020,Utilities,101.0783233642578,99.2460708618164,7.09,"12,425,000","193,000","1,366,000",69.6,38.645,7
DTE-2021,Utilities,121.6724700927734,117.4611740112305,4.68,"8,705,000","193,000","905,000",67.833,38.464,6.333
DTE-2022,Utilities,103.799919128418,105.1724548339844,5.53,"10,397,000","195,000","1,080,000",64.921,39.093,5.167
DTE-2023,Utilities,110.083869934082,110.0002822875977,6.77,"11,050,000","206,000","1,394,000",71.283,41.382,5.667
DUK-2020,Utilities,83.77860260009766,86.5708999633789,1.72,"47,964,000","737,000","1,270,000",71.05,37.772,7
DUK-2021,Utilities,100.7515640258789,97.70342254638672,4.94,"49,296,000","769,000","3,802,000",65.713,35.678,5.667
DUK-2022,Utilities,90.4564971923828,85.00670623779297,3.33,"49,322,000","770,000","2,444,000",62.9,35.408,5
DUK-2023,Utilities,94.67635345458984,99.23594665527344,3.54,"49,112,000","771,000","2,735,000",63.067,35.705,5
DVN-2020,Energy,17.63837623596191,23.85400581359864,-7.12,"2,885,000","377,000","-2,680,000",72.375,38.039,7
DVN-2021,Energy,50.69132995605469,48.03813934326172,4.20,"9,262,000","663,000","2,813,000",71.2,38.948,7
DVN-2022,Energy,46.87574005126953,45.58496475219727,9.15,"11,167,000","657,250","6,015,000",72.533,37.377,7
DVN-2023,Energy,49.33404922485352,47.03746032714844,5.86,"12,061,000","639,000","3,747,000",73.758,38.822,7
ED-2020,Utilities,65.7750015258789,63.76203155517578,3.29,"18,847,000","334,800","1,101,000",51.225,24.222,5
ED-2021,Utilities,86.71478271484375,87.93623352050781,3.86,"20,037,000","348,400","1,346,000",49.175,24.35,5
ED-2022,Utilities,90.7153091430664,86.47301483154297,4.68,"20,687,000","354,500","1,660,000",45.3,22.11,5
ED-2023,Utilities,89.20259857177734,88.65987396240234,7.25,"21,158,000","347,700","2,519,000",49.746,26.14,5
EG-2020,Financials,230.0782928466797,235.4032287597656,12.81,"9,726,176","40,000","508,000",38.567,11.606,4.778
EG-2021,Financials,286.4829406738281,267.9527587890625,34.66,"10,140,000","39,300","1,361,000",37.5,19.322,3
EG-2022,Financials,348.1980895996094,334.0180358886719,15.19,"8,441,000","38,800","589,000",38.708,20.493,3
EG-2023,Financials,393.6919860839844,379.0582885742188,60.19,"13,202,000","41,818","2,488,000",38.9,20.781,3
EIX-2020,Utilities,50.20915603637695,50.09049606323242,1.98,"14,048,000","373,000","739,000",59.017,28.816,5.5
EIX-2021,Utilities,62.79589462280273,57.22515869140625,2.00,"15,888,000","380,000","759,000",57.267,28.879,5
EIX-2022,Utilities,66.08711242675781,65.71464538574219,1.61,"15,621,000","381,000","612,000",56.338,28.839,5
EIX-2023,Utilities,69.16812896728516,71.0363540649414,3.12,"15,501,000","383,000","1,197,000",57.046,29.491,5
EMN-2020,Materials,98.33441925048828,104.8679580688477,3.53,"6,023,000","135,500","478,000",53,28.032,5
EMN-2021,Materials,102.5289840698242,82.73123168945312,6.35,"5,704,000","134,900","857,000",53.2,28.812,5
EMN-2022,Materials,79.76527404785156,79.97171020507812,6.42,"5,153,000","123,500","793,000",52.8,28.304,5
EMN-2023,Materials,98.53862762451172,97.17253112792967,7.54,"5,458,000","118,600","894,000",52.908,28.083,5
ENPH-2020,Information Technology,162.1600036621094,183.6300048828125,1.07,"483,993","125,561","133,995",34.114,6.956,6
ENPH-2021,Information Technology,201.7799987792969,195.2400054931641,1.09,"430,168","134,025","145,449",40.983,11.367,5
ENPH-2022,Information Technology,210.2799987792969,167.4799957275391,2.94,"825,573","135,349","397,362",43.15,14.068,5
ENPH-2023,Information Technology,120.9800033569336,99.70999908447266,3.22,"983,624","136,376","438,936",38.871,16.371,5
EOG-2020,Energy,59.37989807128906,68.73814392089844,-1.04,"20,302,000","578,949","-605,000",66.633,20.884,8.833
EOG-2021,Energy,103.3659439086914,97.28312683105467,8.03,"22,180,000","581,000","4,664,000",67,28.037,7
EOG-2022,Energy,106.9279174804688,108.4229888916016,13.31,"24,779,000","583,000","7,759,000",63.1,26.913,7
EOG-2023,Energy,125.1127014160156,124.1583251953125,13.07,"28,090,000","581,000","7,594,000",63.875,29.177,7
EPAM-2020,Information Technology,396.6900024414063,510.9599914550781,5.87,"1,983,018","55,727","327,160",29.7,11.299,3
EPAM-2021,Information Technology,296.6099853515625,294.7799987792969,8.52,"2,487,117","56,511","481,652",29.7,11.2,3
EPAM-2022,Information Technology,299,224.75,7.32,"3,001,532","57,291","419,416",34.783,11.582,4.5
EPAM-2023,Information Technology,276.1600036621094,188.1100006103516,7.21,"3,470,891","57,829","417,083",38.167,11.227,5
EQR-2020,Real Estate,62.8884162902832,68.17317962646484,2.45,"10,525,651","371,791","910,546",26.75,11.569,3
EQR-2021,Real Estate,81.36146545410156,65.81304168701172,3.56,"10,954,948","373,833","1,329,760",25.946,13.768,3
EQR-2022,Real Estate,56.24427795410156,62.58880996704102,2.06,"11,173,439","376,209","773,821",25.4,14.318,3
EQR-2023,Real Estate,61.8307991027832,68.66499328613281,2.20,"11,085,828","378,773","832,348",26.442,14.657,3
EQT-2020,Energy,17.73714256286621,21.25020027160645,-3.71,"9,255,240","260,613","-958,799",69.458,31.551,7.167
EQT-2021,Energy,32.84903335571289,33.0300178527832,-3.58,"9,954,763","323,196","-1,142,747",70.5,31.641,7
EQT-2022,Energy,30.95889854431152,40.09303283691406,4.79,"11,172,474","370,048","1,770,965",69.533,32.402,7
EQT-2023,Energy,36.56961441040039,36.64871978759766,4.56,"14,773,200","380,902","1,735,232",69.2,33.334,7
ESS-2020,Real Estate,240.6640014648437,267.6092529296875,8.69,"6,000,410","65,454","568,870",25.9,9.979,3
ESS-2021,Real Estate,314.1942138671875,239.3041076660156,7.51,"5,993,603","65,051","488,554",25.883,11.788,3
ESS-2022,Real Estate,196.7602386474609,222.9516906738281,6.27,"5,716,372","65,080","408,315",25.95,12.592,3
ESS-2023,Real Estate,240.1156921386719,269.7605895996094,6.32,"5,422,746","64,252","405,825",26.233,13.673,3
ETR-2020,Utilities,86.57276916503906,87.64014434814453,6.94,"10,926,142","200,107","1,388,334",71.575,36.514,7
ETR-2021,Utilities,105.4751663208008,102.6925354003906,5.57,"11,637,284","200,942","1,118,492",68.45,35.221,7
ETR-2022,Utilities,100.9277801513672,92.14714813232422,5.40,"13,001,985","204,450","1,103,166",67.2,37.324,5.667
ETR-2023,Utilities,103.3641204833984,105.8665008544922,11.14,"14,657,647","211,570","2,356,536",63.575,35.551,5
ETSY-2020,Consumer Discretionary,201.6699981689453,205.8399963378907,2.88,"742,424","121,252","349,246",28.678,6.527,5
ETSY-2021,Consumer Discretionary,124.2799987792969,73.20999908447266,3.88,"628,619","127,225","493,507",29.329,9.137,5
ETSY-2022,Consumer Discretionary,111.3300018310547,84.61000061035156,-5.48,"-547,274","126,779","-694,288",34.6,12.258,5
ETSY-2023,Consumer Discretionary,68.72000122070312,58.97999954223633,2.51,"-543,715","122,503","307,568",36.342,14.64,5
EXPD-2020,Industrials,103.5621795654297,121.7473449707031,4.14,"2,659,637","168,333","696,140",30.9,12.037,3
EXPD-2021,Industrials,100.1261901855469,94.59381103515624,8.37,"3,494,426","169,145","1,415,492",30.9,12.559,3
EXPD-2022,Industrials,108.1708297729492,118.9859390258789,8.33,"3,110,021","163,010","1,357,399",31.083,14.898,3
EXPD-2023,Industrials,120.8359527587891,124.036506652832,5.05,"2,390,350","149,141","752,883",31.142,15.021,3
FANG-2020,Energy,62.23037338256836,79.95523071289062,-28.59,"8,794,000","157,976","-4,517,000",69.9,19.687,9
FANG-2021,Energy,118.5150833129883,105.2043762207031,12.35,"12,088,000","176,643","2,182,000",70.2,23.234,9
FANG-2022,Energy,124.7084579467773,123.7169418334961,24.61,"15,009,000","176,539","4,386,000",70.5,24.712,9
FANG-2023,Energy,192.9616088867188,198.2256927490234,17.34,"16,625,000","179,999","3,143,000",73.917,33.267,7.667
FAST-2020,Industrials,45.74352264404297,47.59542846679688,1.50,"2,733,200","573,800","859,100",30.267,7.582,5
FAST-2021,Industrials,55.22183227539063,46.66386032104492,1.61,"3,042,200","574,800","925,000",33.2,8.472,5
FAST-2022,Industrials,51.36244583129883,56.56275939941406,1.89,"3,163,200","573,800","1,086,900",35.125,8.873,5
FAST-2023,Industrials,75.83090209960938,62.12415313720703,2.02,"3,348,800","571,300","1,155,000",35.2,9.815,5
FCX-2020,Materials,31.38607788085937,35.37009429931641,0.41,"10,174,000","1,458,000","599,000",76.25,36.499,8.167
FCX-2021,Materials,47.71343231201172,28.16141128540039,2.96,"13,980,000","1,457,000","4,306,000",73.808,39.095,7
FCX-2022,Materials,39.93047332763672,39.17191314697266,2.43,"15,555,000","1,430,000","3,468,000",72.9,40.434,7
FCX-2023,Materials,46.57409286499024,48.3145866394043,1.29,"16,693,000","1,435,000","1,848,000",72.158,40.584,7
FSLR-2020,Information Technology,87.30000305175781,90.51000213623048,3.76,"5,520,928","105,867","398,355",50.908,29.503,5
FSLR-2021,Information Technology,83.73999786376953,68.12999725341797,4.41,"5,959,551","106,263","468,693",51.388,31.122,5
FSLR-2022,Information Technology,217.5,190.0899963378907,-0.41,"5,836,055","106,551","-44,166",50.287,31.297,3.5
FSLR-2023,Information Technology,168.8000030517578,225.4600067138672,7.78,"6,687,469","106,795","830,777",49.933,31.438,3
FTNT-2020,Information Technology,36.88399887084961,47.63800048828125,0.60,"856,000","821,000","488,500",31,9.547,5
FTNT-2021,Information Technology,68.3479995727539,56.58000183105469,0.74,"781,700","816,100","606,800",29.688,9.337,3.833
FTNT-2022,Information Technology,66.45999908447266,75.58999633789062,1.08,"-281,600","791,400","857,300",28.65,9.455,3
FTNT-2023,Information Technology,68.30999755859375,60.27000045776367,1.47,"-463,400","778,600","1,147,800",31.05,12.063,3
GD-2020,Industrials,166.4766845703125,173.8731842041016,11.04,"15,661,000","286,900","3,167,000",53.767,15.858,7
GD-2021,Industrials,226.9737548828125,209.3934631347656,11.61,"17,641,000","280,400","3,257,000",54.013,17.057,7
GD-2022,Industrials,219.5921173095703,208.1318054199219,12.31,"18,568,000","275,300","3,390,000",54.95,20.042,7
GD-2023,Industrials,278.228759765625,287.2803649902344,12.14,"21,299,000","273,143","3,315,000",55.262,19.933,7
GDDY-2020,Information Technology,77.62000274658203,86.95999908447266,-2.94,"-12,900","168,636","-495,100",36.55,12.299,5
GDDY-2021,Information Technology,83.69999694824219,69.55999755859375,1.44,"81,700","167,906","242,300",36.55,12.788,5
GDDY-2022,Information Technology,77.72000122070312,75.12999725341797,2.22,"-331,800","158,788","352,200",38.05,14.263,5
GDDY-2023,Information Technology,118.6800003051758,139.7100067138672,9.27,"62,200","148,296","1,374,800",38.462,15.41,5
GE-2020,Industrials,64.53648376464844,66.20728302001953,4.64,"35,552,000","1,094,125","5,230,000",69.262,23.162,9
GE-2021,Industrials,56.3949089050293,39.27748107910156,-6.16,"40,310,000","1,098,000","-6,573,000",69.3,26.25,9
GE-2022,Industrials,75.8039779663086,87.18395233154297,0.05,"33,696,000","1,096,000","51,000",67.65,26.977,9
GE-2023,Industrials,139.6027221679688,158.4195556640625,8.44,"27,378,000","1,089,000","9,186,000",67.629,27.426,8.833
GL-2020,Financials,93.65036010742188,92.49130249023438,6.90,"8,771,092","106,054","731,773",36,10.685,5
GL-2021,Financials,98.30946350097656,95.4446792602539,7.30,"8,642,806","102,049","1,031,114",35.854,14.123,5
GL-2022,Financials,108.3996505737305,108.4156875610352,7.55,"3,949,577","97,974","894,386",35.533,14.907,5
GL-2023,Financials,115.566032409668,81.86292266845703,10.21,"4,486,803","95,098","970,755",35.8,15.229,5
GM-2020,Consumer Discretionary,56.27980041503906,57.95467758178711,4.36,"45,030,000","1,433,000","6,247,000",51.725,20.952,6.667
GM-2021,Consumer Discretionary,42.84160232543945,31.10766410827637,6.78,"59,744,000","1,451,000","9,837,000",51.65,21.052,7
GM-2022,Consumer Discretionary,36.08871841430664,38.02679824829102,6.17,"67,792,000","1,445,000","8,915,000",51.65,20.77,7
GM-2023,Consumer Discretionary,45.09709167480469,46.33776092529297,7.35,"64,286,000","1,364,000","10,022,000",54.375,25.831,5
GNRC-2020,Industrials,327.4500122070312,415.1499938964844,5.61,"1,390,293","62,281","349,329",40.8,9.558,6
GNRC-2021,Industrials,297.260009765625,210.5800018310547,8.51,"2,213,774","62,686","533,392",40.55,9.76,7
GNRC-2022,Industrials,108.0100021362305,149.1300048828125,5.55,"2,257,381","63,117","350,267",39.908,12.825,5.167
GNRC-2023,Industrials,126.1399993896484,132.2200012207031,3.31,"2,340,252","61,265","203,089",39.617,14.122,5
GOOG-2020,Communication Services,103.3139343261719,125.1735610961914,2.96,"222,544,000","13,616,314","40,269,000",42.067,15.271,5
GOOG-2021,Communication Services,139.4907684326172,109.248176574707,5.69,"251,635,000","13,352,994","76,033,000",36.7,14.062,5
GOOG-2022,Communication Services,103.8817901611328,120.8324966430664,4.59,"256,144,000","13,063,000","59,972,000",39.892,15.847,5
GOOG-2023,Communication Services,152.0869293212891,183.2115173339844,5.84,"283,379,000","12,630,000","73,795,000",40.542,16.168,5
GOOGL-2020,Communication Services,103.0077819824219,121.9495391845703,2.96,"222,544,000","13,616,314","40,269,000",42.067,15.271,5
GOOGL-2021,Communication Services,138.9080810546875,108.8380813598633,5.69,"251,635,000","13,352,994","76,033,000",36.7,14.062,5
GOOGL-2022,Communication Services,103.6110916137695,119.5627746582031,4.59,"256,144,000","13,063,000","59,972,000",39.892,15.847,5
GOOGL-2023,Communication Services,150.7569732666016,181.9411773681641,5.84,"283,379,000","12,630,000","73,795,000",40.542,16.168,5
GRMN-2020,Consumer Discretionary,121.1465682983398,133.5360717773438,5.19,"5,516,116","191,085","992,324",31.617,10.959,4.5
GRMN-2021,Consumer Discretionary,110.9978103637695,92.50896453857422,5.63,"6,114,159","192,180","1,082,200",32.2,12.763,3
GRMN-2022,Consumer Discretionary,97.27035522460938,101.2892608642578,5.06,"6,204,340","192,544","973,585",31.563,12.905,3
GRMN-2023,Consumer Discretionary,147.4409942626953,162.154052734375,6.74,"7,012,060","191,397","1,289,636",32.85,13.475,3.833
HAL-2020,Energy,20.41911697387696,22.04171180725098,-3.34,"4,974,000","881,000","-2,945,000",50.9,22.94,5.727
HAL-2021,Energy,36.32709121704102,30.19037246704102,1.63,"6,713,000","892,000","1,457,000",49.621,24.551,5
HAL-2022,Energy,30.77321434020996,32.22491073608398,1.74,"7,948,000","904,000","1,572,000",47.525,22.938,5
HAL-2023,Energy,39.03260803222656,33.61045074462891,2.93,"9,391,000","899,000","2,638,000",47.45,21.778,5
HES-2020,Energy,67.71784210205078,83.85916900634766,-10.08,"5,366,000","306,980","-3,093,000",78.658,48.153,6.167
HES-2021,Energy,103.7839202880859,103.111457824707,1.80,"6,300,000","309,745","559,000",78.017,48.479,5
HES-2022,Energy,129.9560546875,133.939208984375,7.26,"7,855,000","306,177","2,096,000",77.85,45.844,7
HES-2023,Energy,151.7325134277344,147.0705261230469,4.50,"8,986,000","307,158","1,382,000",79.033,45.126,7
HIG-2020,Financials,61.74748992919922,57.68043899536133,4.79,"18,556,000","358,300","1,716,000",40.005,19.595,4.818
HIG-2021,Financials,67.93096160888672,62.23432540893555,7.00,"17,843,000","334,926","2,350,000",40.5,22.262,3
HIG-2022,Financials,67.41373443603516,70.05253601074219,5.69,"13,676,000","315,111","1,798,000",40.25,23.957,3
HIG-2023,Financials,102.0787582397461,100.0832214355469,8.09,"15,327,000","307,100","2,483,000",40.375,23.979,3
HLT-2020,Consumer Discretionary,119.8503952026367,119.5530548095703,-2.58,"-1,490,000","277,000","-715,000",42.55,22.342,4.333
HLT-2021,Consumer Discretionary,150.3977813720703,110.4542541503906,1.47,"-821,000","279,000","410,000",42.55,22.73,3
HLT-2022,Consumer Discretionary,140.1011962890625,144.9057922363281,4.56,"-1,102,000","275,000","1,255,000",39.55,21.498,3
HLT-2023,Consumer Discretionary,212.9929351806641,218.0399932861328,4.36,"-2,360,000","262,000","1,141,000",38.925,21.325,3
HON-2020,Industrials,202.390625,205.4217376708984,6.79,"17,549,000","704,100","4,779,000",59.792,26.148,7
HON-2021,Industrials,184.5216217041016,165.7328491210938,8.01,"18,569,000","692,300","5,542,000",59.413,28.796,6.833
HON-2022,Industrials,184.989486694336,201.9078826904297,7.33,"16,697,000","677,100","4,966,000",58.304,29.19,5
HON-2023,Industrials,203.0529327392578,212.4153442382812,8.53,"15,856,000","663,000","5,658,000",58.6,29.844,5
HST-2020,Real Estate,15.17636013031006,15.39252376556396,-1.04,"6,321,000","705,900","-732,000",25.875,11.407,3
HST-2021,Real Estate,17.50010299682617,14.14398097991943,-0.02,"6,441,000","710,300","-11,000",25.675,11.338,3
HST-2022,Real Estate,15.34930038452148,15.78597736358643,0.89,"6,710,000","714,700","633,000",25.4,11.553,3
HST-2023,Real Estate,20.24869728088379,17.78044319152832,1.04,"6,633,000","709,700","740,000",28.325,14.747,3
HSY-2020,Consumer Staples,147.2204284667969,162.9985504150391,6.30,"2,234,352","208,446","1,278,708",50.8,25.018,5
HSY-2021,Consumer Staples,205.7352905273437,205.2517700195312,7.34,"2,757,229","206,734","1,477,512",53.412,27.822,5
HSY-2022,Consumer Staples,245.9944000244141,242.4981231689453,8.22,"3,299,544","205,535","1,644,817",53.288,26.563,5
HSY-2023,Consumer Staples,191.8283233642578,182.6039276123047,9.31,"4,099,086","204,738","1,861,787",53.113,27.621,5
IFF-2020,Materials,126.0394287109375,135.6433715820312,3.25,"6,310,000","112,162","365,000",52.75,28.256,5
IFF-2021,Materials,121.2466583251953,110.6672821044922,1.11,"21,082,000","243,000","268,000",52.017,28.208,5
IFF-2022,Materials,87.4118423461914,76.39893341064453,-7.21,"17,655,000","255,000","-1,868,000",50.4,27.835,5
IFF-2023,Materials,85.22417449951172,94.8139877319336,-10.05,"14,611,000","255,000","-2,565,000",49.325,26.637,5
INTC-2020,Information Technology,57.85762023925781,51.06003952026367,4.98,"81,038,000","4,199,000","20,899,000",47.354,31.574,3
INTC-2021,Information Technology,45.96523284912109,34.96082305908203,4.89,"95,391,000","4,059,000","19,868,000",46.883,30.084,3
INTC-2022,Information Technology,31.50295639038086,32.63835525512695,1.95,"101,423,000","4,108,000","8,014,000",47.4,30.441,3
INTC-2023,Information Technology,43.58625411987305,30.65028381347656,0.40,"105,590,000","4,190,000","1,689,000",48.346,29.669,3
IP-2020,Materials,43.72671890258789,50.10427856445312,1.23,"7,854,000","391,870","482,000",44.125,18.42,5
IP-2021,Materials,40.87519073486328,37.42099761962891,4.50,"9,082,000","389,333","1,752,000",44.525,19.663,5
IP-2022,Materials,33.34357452392578,29.76456642150879,4.14,"8,497,000","363,285","1,504,000",44.642,20.727,5
IP-2023,Materials,38.0909423828125,42.67545318603516,0.83,"8,355,000","346,900","288,000",45.25,21.102,5
IPG-2020,Communication Services,25.71865653991699,28.91577339172364,0.90,"2,895,000","389,400","351,100",27.25,11.301,3
IPG-2021,Communication Services,32.29568481445312,25.27596855163575,2.42,"3,526,000","393,000","952,800",26.95,11.382,3
IPG-2022,Communication Services,35.15933609008789,36.74129486083984,2.40,"3,614,600","391,500","938,000",26.638,12.544,3
IPG-2023,Communication Services,31.94700813293457,28.78033256530762,2.86,"3,942,600","384,100","1,098,400",26.067,15.824,2.667
IRM-2020,Real Estate,31.46578025817871,36.59234619140625,1.19,"1,136,729","288,183","342,693",28.2,12.549,3
IRM-2021,Real Estate,49.82786178588867,44.3278694152832,1.56,"855,952","289,457","450,219",28.35,13.231,3
IRM-2022,Real Estate,49.90802764892578,54.23355484008789,1.92,"636,668","290,812","556,981",29.213,14.479,3
IRM-2023,Real Estate,78.97158813476562,88.95819091796875,0.63,"211,648","291,936","184,234",29.438,15.036,3
JNPR-2020,Information Technology,22.96407890319824,25.00697326660156,0.78,"4,543,500","330,400","257,800",29.3,13.128,3
JNPR-2021,Information Technology,34.68619918823242,26.7664852142334,0.78,"4,316,900","324,400","252,700",29.775,13.387,3
JNPR-2022,Information Technology,33.00082015991211,30.25362586975098,1.46,"4,475,100","322,100","471,000",32.225,15.438,3
JNPR-2023,Information Technology,36.61272811889648,36.23512649536133,0.97,"4,492,700","320,000","310,200",32.879,17.841,3
K-2020,Consumer Staples,52.27577972412109,53.65637588500977,3.65,"3,112,000","343,000","1,251,000",52.125,26.222,5
K-2021,Consumer Staples,55.27502059936523,61.69098663330078,4.36,"3,720,000","341,000","1,488,000",52.113,25.176,5
K-2022,Consumer Staples,59.34658050537109,60.26322174072266,2.81,"3,941,000","341,000","960,000",53.079,25.797,5
K-2023,Consumer Staples,56.19183731079102,57.14468765258789,2.78,"3,175,000","342,086","951,000",54.7,26.597,5
KDP-2020,Consumer Staples,31.56476593017578,32.65765762329102,0.94,"23,829,000","1,407,200","1,325,000",38.736,13.57,5
KDP-2021,Consumer Staples,35.50378799438477,33.48562622070312,1.52,"24,972,000","1,415,700","2,146,000",39.342,16.403,5
KDP-2022,Consumer Staples,33.7429084777832,30.24686622619629,1.01,"25,126,000","1,416,800","1,436,000",40.679,18.831,5
KDP-2023,Consumer Staples,30.06386184692383,33.18953704833984,1.56,"25,676,000","1,399,300","2,181,000",44.75,21.383,5
KEY-2020,Financials,16.84982109069824,17.57630348205566,1.28,"17,981,000","967,783","1,237,000",38.95,14.213,5
KEY-2021,Financials,19.53940200805664,15.15991497039795,2.65,"17,423,000","947,065","2,519,000",39.05,15.083,5
KEY-2022,Financials,11.36610317230225,8.483328819274902,1.94,"13,454,000","924,363","1,799,000",40.15,16.957,5
KEY-2023,Financials,15.36180114746094,14.008544921875,0.89,"14,637,000","927,217","824,000",40.292,18.373,5
KHC-2020,Consumer Staples,34.42004013061523,35.45012664794922,0.29,"50,103,000","1,223,000","356,000",55.317,22.762,7
KHC-2021,Consumer Staples,35.33619689941406,34.57709503173828,0.83,"49,298,000","1,224,000","1,012,000",57.454,23.122,7
KHC-2022,Consumer Staples,36.15177536010742,33.53829574584961,1.93,"48,678,000","1,226,000","2,363,000",58.158,22.991,7
KHC-2023,Consumer Staples,36.06155395507812,31.8482666015625,2.33,"49,526,000","1,227,000","2,855,000",57.75,23.389,7
KIM-2020,Real Estate,16.19684982299805,18.16848564147949,2.26,"5,608,044","429,950","971,230",26.85,12.876,3
KIM-2021,Real Estate,22.0192813873291,17.76689529418945,1.61,"9,899,389","506,248","815,601",26.85,13.47,3
KIM-2022,Real Estate,18.0749340057373,18.46626281738281,0.16,"9,515,508","615,528","98,576",26.275,13.622,3
KIM-2023,Real Estate,19.12984848022461,19.2178840637207,1.02,"9,525,465","616,947","628,756",26.037,14.194,3
KMB-2020,Consumer Staples,122.6248245239258,119.0167846679688,6.90,"626,000","340,870","2,352,000",40.867,18.902,5
KMB-2021,Consumer Staples,112.3661499023438,124.4170303344727,5.38,"514,000","336,800","1,814,000",41.467,19.498,5
KMB-2022,Consumer Staples,126.8883361816406,131.7745819091797,5.73,"547,000","337,522","1,934,000",42.7,20.61,5
KMB-2023,Consumer Staples,126.9450149536133,136.9693145751953,5.22,"915,000","337,800","1,764,000",43.825,19.118,5
KMI-2020,Energy,13.14492607116699,14.65467834472656,0.05,"31,436,000","2,263,000","106,000",44.692,22.98,4.167
KMI-2021,Energy,15.92464256286621,14.3354959487915,0.78,"30,823,000","2,266,000","1,770,000",43.938,25.924,3
KMI-2022,Energy,15.68193435668945,15.65544605255127,1.12,"30,742,000","2,258,000","2,535,000",46.688,27.868,3
KMI-2023,Energy,17.52751350402832,19.30424690246582,1.06,"30,306,000","2,234,000","2,377,000",48.004,28.822,3
KO-2020,Consumer Staples,47.36347961425781,49.02616882324219,1.80,"19,299,000","4,295,000","7,747,000",44.627,19.207,5
KO-2021,Consumer Staples,57.467529296875,58.75736999511719,2.26,"22,999,000","4,315,000","9,771,000",44.562,20.088,5
KO-2022,Consumer Staples,59.19635391235352,57.90986251831055,2.20,"24,105,000","4,328,000","9,542,000",43.55,21.002,5
KO-2023,Consumer Staples,60.22719955444336,63.15991973876953,2.48,"25,941,000","4,323,000","10,714,000",45.175,22.718,5
LDOS-2020,Industrials,91.58440399169922,96.5160903930664,4.42,"3,862,000","142,000","628,000",35.05,14.668,5
LDOS-2021,Industrials,104.2505340576172,97.5399932861328,5.34,"4,291,000","141,000","753,000",35.25,21.328,3
LDOS-2022,Industrials,90.13961791992188,86.97379302978516,5.00,"4,299,000","137,000","685,000",33.825,21.668,3
LDOS-2023,Industrials,130.3564910888672,145.4954528808594,1.45,"4,201,000","137,000","199,000",35.2,21.564,3
LHX-2020,Industrials,188.3891448974609,201.9880981445312,5.23,"20,724,000","214,000","1,119,000",55.979,17.078,7
LHX-2021,Industrials,235.3900604248047,229.9844360351562,9.17,"19,213,000","201,300","1,846,000",54.467,20.412,6
LHX-2022,Industrials,189.4814147949219,190.0697021484375,5.54,"18,523,000","191,800","1,062,000",52.642,24.48,5
LHX-2023,Industrials,210.868667602539,223.4306030273437,6.47,"18,765,000","189,600","1,227,000",51.513,28.685,5
LNT-2020,Utilities,47.93693542480469,49.76251983642578,2.47,"5,688,000","248,400","614,000",63.987,31.338,6.167
LNT-2021,Utilities,56.95676422119141,53.81989288330078,2.63,"5,990,000","250,200","659,000",61.45,35.214,5
LNT-2022,Utilities,50.16770935058594,49.71725082397461,2.73,"6,276,000","250,900","686,000",55.55,33.435,5
LNT-2023,Utilities,49.00244903564453,49.97625732421875,2.78,"6,777,000","253,000","703,000",55.542,34.158,5
LYB-2020,Materials,83.73731231689453,83.61460876464844,4.24,"7,971,000","334,000","1,417,000",43.2,17.17,5
LYB-2021,Materials,86.40230560302734,74.33641815185547,16.77,"11,858,000","334,000","5,596,000",43.35,16.873,5
LYB-2022,Materials,86.78114318847656,85.92378997802734,11.84,"12,615,000","327,000","3,872,000",44.258,19.325,5
LYB-2023,Materials,99.6436996459961,94.37068176269533,6.48,"12,930,000","325,000","2,107,000",41.138,19.37,5
LYV-2020,Communication Services,84.6500015258789,87.58999633789062,-8.12,"-471,772","212,271","-1,723,355",23.4,6.88,3
LYV-2021,Communication Services,117.6399993896484,82.58000183105469,-3.09,"-582,651","217,191","-670,675",24,8.044,3
LYV-2022,Communication Services,70,91.11000061035156,0.66,"-367,569","224,810","149,216",29.125,8.242,4.5
LYV-2023,Communication Services,105.7699966430664,93.73999786376952,1.38,"-17,148","228,628","315,842",29.7,8.147,5
MAA-2020,Real Estate,127.6720809936523,150.1683197021484,2.20,"5,887,030","114,188","250,936",27.05,8.313,3
MAA-2021,Real Estate,190.1155242919922,159.3460235595703,4.62,"5,995,362","114,717","529,564",27.125,9.44,3
MAA-2022,Real Estate,140.7603607177734,142.7691040039062,5.49,"6,025,760","115,344","633,310",27.35,12.808,3
MAA-2023,Real Estate,127.3270034790039,139.5477447509766,4.71,"6,113,238","116,521","548,894",27.838,14.375,3
MAS-2020,Industrials,55.9501953125,55.16538619995117,4.74,"195,000","258,200","1,215,000",34.05,13.842,3.667
MAS-2021,Industrials,48.29769134521485,48.16371917724609,1.70,"-179,000","241,200","406,000",35.417,11.415,4.5
MAS-2022,Industrials,48.11033630371094,55.82349014282227,3.75,"-480,000","225,300","842,000",36.7,11.987,5
MAS-2023,Industrials,77.94398498535156,66.13816833496094,4.03,"-126,000","225,000","908,000",37.888,15.178,5
MCD-2020,Consumer Discretionary,207.0482177734375,214.688720703125,6.35,"-7,824,900","745,400","4,730,500",40.55,16.075,5
MCD-2021,Consumer Discretionary,233.6535949707031,234.5733489990234,10.13,"-4,601,000","744,800","7,545,200",40.55,16.696,5
MCD-2022,Consumer Discretionary,270.1192321777344,289.9456176757812,8.45,"-6,003,400","731,300","6,177,400",41.162,16.654,5
MCD-2023,Consumer Discretionary,278.5464477539062,253.1961212158203,11.63,"-4,706,700","727,900","8,468,800",41.45,16.705,5
MDLZ-2020,Consumer Staples,54.00688171386719,57.91788864135742,2.48,"27,578,000","1,431,000","3,555,000",53.833,28.199,5
MDLZ-2021,Consumer Staples,59.18819427490234,58.86438369750977,3.06,"28,269,000","1,403,000","4,300,000",52.983,29.713,5
MDLZ-2022,Consumer Staples,67.30583953857422,70.80169677734375,1.97,"26,883,000","1,378,000","2,717,000",54.567,31.355,5
MDLZ-2023,Consumer Staples,69.1312484741211,65.02240753173828,3.64,"28,332,000","1,363,000","4,959,000",54.75,32.572,5
MET-2020,Financials,53.99658966064453,53.66162109375,5.81,"74,558,000","892,911","5,191,000",43.45,21.231,4.5
MET-2021,Financials,64.4560775756836,57.9902229309082,7.70,"67,482,000","825,540","6,654,000",42.762,25.309,3
MET-2022,Financials,54.70838165283203,53.76219940185547,3.02,"29,881,000","779,098","5,099,000",40.858,25.836,3
MET-2023,Financials,72.37235260009766,69.08901977539062,1.81,"30,015,000","762,431","1,380,000",42.6,26.157,3
META-2020,Communication Services,293.9259948730469,346.9969482421875,10.22,"128,290,000","2,851,000","29,146,000",44.6,12.894,7
META-2021,Communication Services,221.9040069580078,160.9193115234375,13.99,"124,879,000","2,815,000","39,370,000",41.912,13.306,5.667
META-2022,Communication Services,211.50537109375,286.3914794921875,8.63,"125,713,000","2,687,000","23,200,000",46.35,13.24,7
META-2023,Communication Services,484.5841979980469,503.7198791503906,15.19,"153,168,000","2,574,000","39,098,000",47.775,13.502,7
MGM-2020,Consumer Discretionary,37.9662971496582,42.62677383422852,-2.02,"6,504,726","494,152","-997,204",38.45,13.062,5
MGM-2021,Consumer Discretionary,41.92589569091797,28.94257736206055,2.44,"6,070,645","481,930","1,176,072",40.475,12.96,5
MGM-2022,Consumer Discretionary,44.41999816894531,43.91999816894531,3.52,"4,831,529","409,201","1,441,205",39.825,13.92,5
MGM-2023,Consumer Discretionary,47.20999908447266,44.43999862670898,3.22,"3,811,170","354,926","1,144,308",39.35,14.272,5
MHK-2020,Consumer Discretionary,192.3099975585937,192.1900024414062,7.24,"8,534,316","71,214","515,595",22.712,7.915,3
MHK-2021,Consumer Discretionary,124.1999969482422,124.0899963378906,15.01,"8,421,425","68,852","1,033,159",22.45,8.203,3
MHK-2022,Consumer Discretionary,100.2200012207031,103.1600036621094,0.40,"8,011,509","63,826","25,247",22.325,8.388,3
MHK-2023,Consumer Discretionary,130.8899993896484,113.5899963378906,-6.90,"7,623,071","63,657","-439,516",22.625,8.541,3
MLM-2020,Materials,328.2848205566406,344.4999084472656,11.56,"5,890,700","62,300","720,400",45.95,13.55,7
MLM-2021,Materials,378.6274719238281,294.83740234375,11.26,"6,535,300","62,400","701,800",46.212,14.576,7
MLM-2022,Materials,351.7685546875,458.2422485351562,13.91,"7,170,500","62,300","856,300",47.079,14.881,7
MLM-2023,Materials,612.3604736328125,541.09912109375,18.88,"8,033,200","61,900","1,199,800",46.458,15.714,7
MMM-2020,Industrials,137.9899139404297,143.4232635498047,9.32,"12,867,000","577,600","5,449,000",60.5,25.836,7
MMM-2021,Industrials,110.0064163208008,96.54450225830078,10.23,"15,046,000","579,000","5,921,000",60.8,25.862,7
MMM-2022,Industrials,80.95812225341797,78.11234283447266,10.21,"14,722,000","566,000","5,777,000",60.15,26.328,7
MMM-2023,Industrials,86.63658142089844,101.4851760864258,-12.63,"4,807,000","553,900","-6,995,000",62.046,26.44,7.333
MNST-2020,Consumer Staples,45.54499816894531,45.67499923706055,1.33,"5,160,860","1,059,278","1,409,594",42.9,9.845,7
MNST-2021,Consumer Staples,39.95000076293945,46.34999847412109,1.30,"6,566,951","1,057,526","1,377,475",40.192,11.117,5.333
MNST-2022,Consumer Staples,54.0099983215332,57.43999862670898,1.13,"7,025,041","1,053,558","1,191,624",40.417,11.849,5
MNST-2023,Consumer Staples,59.27999877929688,49.95000076293945,1.56,"8,228,744","1,044,887","1,630,988",42.35,12.526,5.333
MO-2020,Consumer Staples,38.60215759277344,36.59951019287109,2.40,"2,839,000","1,858,419","4,459,000",41.95,16.937,5
MO-2021,Consumer Staples,42.35776138305664,34.44437789916992,1.36,"-1,606,000","1,823,176","2,464,000",42.117,17.236,5
MO-2022,Consumer Staples,39.14157485961914,40.5830078125,3.23,"-3,973,000","1,785,534","5,751,000",42.3,17.976,5
MO-2023,Consumer Staples,41.7549934387207,44.57428359985352,4.61,"-3,540,000","1,763,462","8,113,000",46.321,19.185,5.833
MOS-2020,Materials,29.82562065124512,30.1569652557373,1.76,"9,581,400","379,000","666,100",64.163,27.805,7
MOS-2021,Materials,63.25822830200195,45.02570724487305,4.31,"10,604,100","378,100","1,630,600",65.137,29.69,7
MOS-2022,Materials,44.08904266357422,33.93902206420898,10.57,"12,054,600","339,071","3,582,800",66.425,30.045,7
MOS-2023,Materials,32.00944519042969,28.69173049926757,3.52,"12,290,200","331,300","1,164,900",64.55,30.839,7
MPC-2020,Energy,48.48046875,55.398193359375,-15.28,"22,199,000","649,000","-9,827,000",56.213,26.119,5.333
MPC-2021,Energy,80.64131927490234,78.110595703125,15.34,"26,206,000","634,000","9,736,000",56.5,28.805,5
MPC-2022,Energy,130.4786071777344,113.4986572265625,28.31,"27,715,000","512,000","14,508,000",57.617,28.917,5
MPC-2023,Energy,199.5742034912109,172.6598663330078,23.73,"24,404,000","407,000","9,672,000",60.267,30.644,6.167
MRO-2020,Energy,10.13875865936279,12.9731502532959,-1.84,"10,561,000","789,000","-1,451,000",72.383,29.371,9
MRO-2021,Energy,24.18570518493652,21.72420883178711,1.27,"10,686,000","743,000","946,000",74.079,31.76,8.833
MRO-2022,Energy,23.36524200439453,22.5310173034668,5.71,"11,397,000","633,000","3,612,000",74.4,32.385,9
MRO-2023,Energy,28.08984375,28.55126190185547,2.56,"11,205,000","607,000","1,554,000",73.696,34.084,7.667
MSCI-2020,Financials,405.6001586914063,516.6043701171875,7.19,"-443,234","83,716","601,822",34.4,11.223,5
MSCI-2021,Financials,489.75927734375,402.1658325195313,8.80,"-163,467","82,508","725,983",32.291,13.386,4.273
MSCI-2022,Financials,550.4122314453125,462.6366271972656,10.78,"-1,007,925","80,746","870,573",29.8,16.49,3
MSCI-2023,Financials,557.059814453125,480.1771240234375,14.45,"-739,764","79,462","1,148,592",33.4,17.428,3
MSI-2020,Information Technology,179.7027282714844,208.051773071289,5.58,"-558,000","170,000","949,000",32.417,17.622,3
MSI-2021,Information Technology,234.543472290039,203.6996459960937,7.36,"-40,000","169,200","1,245,000",34.05,19.465,3
MSI-2022,Information Technology,280.9884948730469,288.9837951660156,8.14,"116,000","167,500","1,363,000",34.3,20.263,3
MSI-2023,Information Technology,353.0469665527344,385.0457153320313,10.23,"724,000","167,000","1,709,000",33.55,20.18,3
MTCH-2020,Communication Services,137.3800048828125,161.25,0.73,"-1,414,417","223,433","162,329",34.15,7.75,5
MTCH-2021,Communication Services,108.7399978637695,69.69000244140625,1.01,"-203,769","275,004","277,723",34.079,8.27,4.833
MTCH-2022,Communication Services,38.38999938964844,41.84999847412109,1.28,"-359,875","282,564","361,946",33.233,13.666,3
MTCH-2023,Communication Services,36.27999877929688,30.3799991607666,2.36,"-19,548","275,773","651,539",32.733,13.837,3
NCLH-2020,Consumer Discretionary,27.59000015258789,29.40999984741211,-15.75,"4,354,105","254,729","-4,012,514",39.3,11.722,5
NCLH-2021,Consumer Discretionary,21.8799991607666,11.11999988555908,-12.33,"2,432,650","365,450","-4,506,587",39.3,11.292,5
NCLH-2022,Consumer Discretionary,13.44999980926514,21.77000045776367,-5.41,"68,591","419,773","-2,269,909",39.05,12.255,5
NCLH-2023,Consumer Discretionary,20.93000030517578,18.79000091552734,0.39,"300,807","424,425","166,178",42.3,15.891,5
NDAQ-2020,Financials,46.78007507324219,55.96033096313477,1.89,"6,433,000","493,200","933,000",31,14.787,3
NDAQ-2021,Financials,57.21652984619141,49.13490676879883,2.38,"6,395,000","497,700","1,187,000",31.263,17.142,3
NDAQ-2022,Financials,53.36373519897461,48.84709930419922,2.28,"6,151,000","492,400","1,125,000",32.05,20.098,3
NDAQ-2023,Financials,62.61275482177734,60.01570129394531,2.10,"10,816,000","504,909","1,059,000",36.288,23.318,3
NEE-2020,Utilities,69.517578125,67.72882843017578,1.49,"36,513,000","1,960,000","2,919,000",59.617,29.923,5.5
NEE-2021,Utilities,79.41715240478516,73.02234649658203,1.81,"37,202,000","1,974,033","3,573,000",56.713,28.523,5
NEE-2022,Utilities,73.80535125732422,71.50662231445312,2.09,"39,229,000","1,987,000","4,147,000",54.15,26.781,5
NEE-2023,Utilities,62.92274475097656,70.3542709350586,3.61,"47,468,000","2,026,100","7,310,000",53.7,29.494,5
NEM-2020,Materials,52.90926361083984,56.1834716796875,3.52,"23,008,000","804,000","2,829,000",69.475,45.874,5
NEM-2021,Materials,72.33808898925781,54.71643829345703,1.46,"22,022,000","799,000","1,166,000",66.888,42.963,5
NEM-2022,Materials,46.46583938598633,40.82142639160156,-0.54,"19,354,000","794,000","-429,000",65.312,43.513,5
NEM-2023,Materials,35.34725570678711,41.6201171875,-2.97,"29,027,000","841,000","-2,494,000",65.4,44.702,4.833
NFLX-2020,Communication Services,521.6599731445312,528.2100219726562,6.26,"11,065,240","440,922","2,761,395",23.1,5.112,3
NFLX-2021,Communication Services,374.5899963378906,174.8699951171875,11.55,"15,849,248","443,155","5,116,228",23.1,5.911,3
NFLX-2022,Communication Services,345.4800109863281,440.489990234375,10.10,"20,777,401","444,698","4,491,924",24.067,7.826,3
NFLX-2023,Communication Services,607.3300170898438,674.8800048828125,12.25,"20,588,313","441,571","5,407,990",24.163,7.81,3
NI-2020,Utilities,21.08087730407715,21.63059234619141,-0.19,"5,752,200","384,300","-72,700",71.3,39.205,7
NI-2021,Utilities,28.82059478759766,26.94275283813477,1.35,"6,947,300","393,600","529,800",72.183,40.782,7
NI-2022,Utilities,26.19659614562988,25.86181259155273,1.84,"7,575,400","407,100","749,000",69.55,39.969,5.167
NI-2023,Utilities,26.89336776733398,28.29606628417969,1.59,"8,269,600","416,100","661,700",64.608,38.423,5
NOW-2020,Information Technology,500.1099853515625,549.5499877929688,0.61,"2,834,000","193,096","119,000",30.525,9.768,4.5
NOW-2021,Information Technology,556.8900146484375,475.5199890136719,1.16,"3,695,000","198,000","230,000",30.429,13.559,3
NOW-2022,Information Technology,464.7200012207031,561.969970703125,1.61,"5,032,000","201,000","325,000",30.2,14.363,3
NOW-2023,Information Technology,762.4000244140625,786.6699829101562,8.48,"7,628,000","204,000","1,731,000",34.117,17.482,3
NRG-2020,Utilities,33.18599319458008,35.72816848754883,2.08,"1,680,000","245,000","510,000",65.346,26.438,8.5
NRG-2021,Utilities,34.86188125610352,34.99618530273438,8.93,"3,600,000","245,000","2,187,000",66.95,35.2,7
NRG-2022,Utilities,32.28974151611328,35.61012649536133,5.17,"3,828,000","236,000","1,221,000",66.717,34.982,7
NRG-2023,Utilities,66.44558715820312,77.01016235351562,-1.12,"2,906,000","228,000","-256,000",63.617,31.556,7
NUE-2020,Materials,76.09793090820312,91.41415405273438,2.37,"10,788,665","303,168","717,114",52.3,14.581,7
NUE-2021,Materials,143.4443969726562,101.0895080566406,23.23,"14,016,389","292,491","6,795,150",53.354,16.807,7
NUE-2022,Materials,151.53515625,161.4135589599609,28.88,"18,414,694","262,348","7,576,165",52.012,19.188,7
NUE-2023,Materials,196.6604766845703,157.5282440185547,18.05,"20,940,634","249,773","4,507,855",53.292,21.359,7
NVR-2020,Consumer Discretionary,4710.93017578125,4973.2998046875,244.11,"3,103,074","3,692","901,248",28.4,8.401,4.091
NVR-2021,Consumer Discretionary,4467.27001953125,4004.139892578125,345.37,"3,002,378","3,581","1,236,719",30.537,7.811,5
NVR-2022,Consumer Discretionary,5572.18994140625,6350.6201171875,525.20,"3,506,849","3,286","1,725,575",30.375,9.312,5
NVR-2023,Consumer Discretionary,8099.9599609375,7588.56005859375,491.52,"4,364,725","3,238","1,591,611",30.742,10.277,5
NXPI-2020,Information Technology,189.668685913086,194.3753662109375,0.19,"8,944,000","279,763","52,000",46.862,24.711,4.167
NXPI-2021,Information Technology,176.2728271484375,141.6562194824219,6.91,"6,528,000","270,687","1,871,000",46.987,27.202,3.333
NXPI-2022,Information Technology,181.2086029052734,200.0537567138672,10.64,"7,449,000","261,879","2,787,000",48.288,27.125,4.5
NXPI-2023,Information Technology,245.8231506347656,268.1257934570312,10.83,"8,644,000","258,381","2,797,000",51.25,30.612,4
O-2020,Real Estate,51.73706436157227,54.99797058105469,1.15,"10,985,483","343,901","395,486",27.1,9.005,3
O-2021,Real Estate,60.78053283691406,60.51562118530273,0.87,"25,052,574","591,262","359,456",26.55,11.14,3
O-2022,Real Estate,58.05981063842773,55.46866607666016,1.42,"28,713,149","611,766","869,408",26.267,11.73,3
O-2023,Real Estate,52.30688858032227,51.81066513061523,1.26,"32,941,467","692,298","872,309",26.908,11.433,3
OKE-2020,Energy,40.25728225708008,45.21869277954102,1.42,"6,042,398","431,105","611,709",46.525,20.095,5
OKE-2021,Energy,60.36814880371094,48.18515014648438,3.36,"6,015,163","446,400","1,499,000",45.562,20.38,5
OKE-2022,Energy,57.73117828369141,56.85840606689453,3.85,"6,494,000","447,500","1,721,000",46.229,22.04,5
OKE-2023,Energy,77.15449523925781,79.60135650634766,5.49,"16,484,000","484,300","2,658,000",51.842,26.295,5
OMC-2020,Communication Services,65.54810333251953,71.35704040527344,4.38,"3,084,400","215,600","951,200",26,8.014,3
OMC-2021,Communication Services,77.84371948242188,58.88735580444336,6.57,"3,270,200","214,300","1,395,600",26.496,8.241,3
OMC-2022,Communication Services,89.93087005615234,91.41353607177734,6.40,"3,252,100","205,600","1,299,400",26.817,8.882,3
OMC-2023,Communication Services,95.2917022705078,89.01068115234375,6.98,"3,616,300","199,341","1,303,300",26.65,10.368,3
OXY-2020,Energy,25.86200714111328,30.38980484008789,-17.06,"18,573,000","918,700","-15,675,000",71.125,29.344,8.667
OXY-2021,Energy,55.20186614990234,57.42057037353516,1.62,"20,327,000","935,000","1,512,000",72.5,35.097,7
OXY-2022,Energy,61.24539947509766,57.85182952880859,13.41,"30,085,000","926,200","12,421,000",74.425,31.162,9
OXY-2023,Energy,64.51644134521484,62.79687118530273,4.22,"30,250,000","889,200","3,750,000",78.075,36.03,9
PARA-2020,Communication Services,41.08079147338867,41.28672790527344,3.93,"15,371,000","616,000","2,422,000",25.713,7.511,3
PARA-2021,Communication Services,35.21978759765625,23.15966606140137,7.02,"22,402,000","641,000","4,543,000",24.5,8.268,3
PARA-2022,Communication Services,21.62353324890137,15.60803604125977,1.61,"23,036,000","649,000","1,104,000",24.875,9.322,3
PARA-2023,Communication Services,11.66199588775635,10.33891868591309,-1.02,"22,526,000","652,000","-608,000",24.854,9.764,3
PEG-2020,Utilities,53.32552719116211,53.39328384399414,3.76,"15,984,000","504,000","1,905,000",61.071,31.869,5
PEG-2021,Utilities,64.09996795654297,58.41946411132812,-1.29,"14,438,000","504,000","-648,000",59.546,30.288,5
PEG-2022,Utilities,59.11127090454102,59.84054565429688,2.06,"13,729,000","498,000","1,031,000",57.237,28.629,5
PEG-2023,Utilities,65.6292495727539,73.10596466064453,5.15,"15,477,000","498,000","2,563,000",59.167,32.253,5
PEP-2020,Consumer Staples,128.1223297119141,135.2808380126953,5.16,"13,454,000","1,380,000","7,120,000",43.955,22.785,4.636
PEP-2021,Consumer Staples,156.0387115478516,156.3893737792969,5.51,"16,043,000","1,383,000","7,618,000",41.338,24.132,3
PEP-2022,Consumer Staples,174.4946746826172,178.4877166748047,6.47,"17,149,000","1,377,000","8,910,000",42.083,26.063,3
PEP-2023,Consumer Staples,172.3257598876953,163.6396942138672,6.60,"18,503,000","1,374,000","9,074,000",47.233,28.98,3.667
PFG-2020,Financials,52.9089469909668,56.29923629760742,5.08,"16,558,900","273,300","1,395,800",37.45,15.207,5
PFG-2021,Financials,67.24470520019531,61.79010009765625,5.87,"16,069,400","261,700","1,580,200",37.217,17.398,4.667
PFG-2022,Financials,70.46875,72.5537338256836,18.94,"9,976,700","251,100","4,756,900",36.05,18.94,3
PFG-2023,Financials,84.82478332519531,77.77106475830078,2.58,"10,916,000","236,438","623,200",37.208,21.294,3
PGR-2020,Financials,88.44367980957031,95.28561401367188,9.71,"17,038,600","584,900","5,677,700",37.9,12.786,5
PGR-2021,Financials,112.5829849243164,114.9465637207031,5.69,"18,231,600","584,500","3,324,000",38.442,15.343,5
PGR-2022,Financials,141.7924041748047,131.2971496582031,1.19,"15,891,000","584,400","694,600",38.225,17.246,5
PGR-2023,Financials,205.58984375,207.5127716064453,6.61,"20,277,100","584,900","3,864,800",39.879,19.598,4.5
PHM-2020,Consumer Discretionary,50.50862121582031,52.7113037109375,5.19,"6,569,989","268,553","1,394,385",29.3,7.545,5
PHM-2021,Consumer Discretionary,40.80402374267578,38.71859359741211,7.44,"7,489,515","259,285","1,929,985",30.963,7.745,5
PHM-2022,Consumer Discretionary,57.55478286743164,76.93334197998047,11.07,"8,914,098","235,010","2,601,141",30.35,8.928,5
PHM-2023,Consumer Discretionary,120.1984176635742,109.9075317382812,11.79,"10,383,257","219,958","2,592,871",31.15,10.008,5
PKG-2020,Materials,120.1470260620117,121.8575057983398,4.86,"3,246,300","94,856","457,400",30.125,10.486,3
PKG-2021,Materials,143.4642028808594,127.2112274169922,8.87,"3,607,200","94,825","834,700",30.575,15.571,3
PKG-2022,Materials,132.2467041015625,127.1087493896484,11.08,"3,667,100","92,942","1,021,900",30.475,15.088,3
PKG-2023,Materials,187.2208862304688,181.3272857666016,8.52,"3,997,300","89,625","759,000",31.417,14.192,3
PLD-2020,Real Estate,96.97662353515624,110.0337982177734,2.02,"31,971,547","728,323","1,473,122",24.4,14.452,2
PLD-2021,Real Estate,150.7033843994141,110.3625183105469,3.97,"33,426,873","739,363","2,933,571",24.158,14.29,1.667
PLD-2022,Real Estate,119.4278869628906,118.2366638183594,4.28,"53,237,282","785,675","3,358,796",24.6,16.103,1
PLD-2023,Real Estate,128.1587829589844,111.3498306274414,3.30,"53,181,724","924,351","3,053,373",25.417,15.932,2.167
PM-2020,Consumer Staples,73.751953125,83.47660827636719,5.16,"-12,567,000","1,557,000","8,036,000",44.15,16.574,5
PM-2021,Consumer Staples,82.17523193359375,87.54258728027344,5.83,"-10,106,000","1,558,000","9,083,000",43.625,20.012,5
PM-2022,Consumer Staples,89.6791763305664,91.2310562133789,5.82,"-8,957,000","1,550,000","9,024,000",43.096,19.639,5
PM-2023,Consumer Staples,89.20516204833984,100.0283279418945,5.02,"-11,225,000","1,552,000","7,791,000",46.788,20.261,5
PNW-2020,Utilities,68.5529556274414,69.83130645751953,4.89,"5,633,503","112,666","550,559",66.683,38.468,5
PNW-2021,Utilities,68.74537658691406,65.14353942871094,5.48,"5,906,200","112,910","618,720",64.85,37.378,5
PNW-2022,Utilities,73.1705551147461,76.11006164550781,4.27,"6,048,647","113,196","483,602",62.767,34.722,5.833
PNW-2023,Utilities,72.17940521240234,74.70664978027344,4.42,"6,177,664","113,442","501,557",62.65,31.792,7
PSA-2020,Real Estate,211.1956634521484,259.48828125,6.29,"8,558,867","174,494","1,098,335",24.9,7.199,3
PSA-2021,Real Estate,343.1517028808594,276.4490356445312,9.91,"9,335,177","174,858","1,732,444",24.867,11.05,3
PSA-2022,Real Estate,283.4031982421875,276.6453552246094,23.64,"10,073,402","175,257","4,142,288",25.017,12.58,3
PSA-2023,Real Estate,283.9408264160156,284.5078735351562,11.11,"10,013,178","175,472","1,948,741",26.1,13.007,3
PSX-2020,Energy,70.78878784179688,75.35164642333984,-9.06,"18,984,000","439,530","-3,983,000",54.463,24.239,5.833
PSX-2021,Energy,78.55117797851562,75.34681701660156,2.97,"19,166,000","440,028","1,306,000",54.762,22.66,6.833
PSX-2022,Energy,95.99444580078124,91.22612762451172,23.36,"29,494,000","471,497","11,014,000",54.75,25.444,5
PSX-2023,Energy,160.8895874023438,140.0569000244141,15.56,"30,583,000","450,136","7,004,000",58.738,24.555,6.5
PWR-2020,Industrials,87.35478210449219,89.92636108398438,3.15,"4,344,181","141,380","445,596",50.604,13.312,7
PWR-2021,Industrials,130.9170532226562,124.7561950683594,3.45,"5,112,301","140,824","485,956",51.854,15.725,7
PWR-2022,Industrials,166.2327728271484,195.9699401855469,3.42,"5,383,464","143,488","491,189",52.062,16.9,7
PWR-2023,Industrials,259.619140625,253.9131317138672,5.13,"6,272,241","145,222","744,689",59.15,22.153,7
RCL-2020,Consumer Discretionary,85.61000061035156,85.27999877929688,-27.05,"8,760,669","214,335","-5,797,462",41.317,18.954,5
RCL-2021,Consumer Discretionary,83.77999877929688,34.90999984741211,-20.89,"5,085,556","251,812","-5,260,000",40.183,18.424,5
RCL-2022,Consumer Discretionary,65.30000305175781,103.7399978637695,-8.45,"2,869,000","255,011","-2,156,000",39.35,18.133,5
RCL-2023,Consumer Discretionary,139.0099945068359,159.4299926757812,6.63,"4,724,000","256,000","1,697,000",41.667,21.084,5
REG-2020,Real Estate,49.21536636352539,56.16934204101562,0.27,"5,984,912","169,231","44,889",26.85,16.282,3
REG-2021,Real Estate,64.20819854736328,53.88468170166016,2.12,"6,037,371","170,236","361,411",26.792,15.218,3
REG-2022,Real Estate,57.36014175415039,58.56043243408203,2.82,"6,096,985","171,404","482,865",26.5,15.568,3
REG-2023,Real Estate,59.24271774291992,61.51231002807617,2.04,"7,032,687","176,085","359,500",27.875,16.217,3
RF-2020,Financials,17.99929618835449,17.71190643310547,1.03,"18,111,000","959,000","991,000",39.012,19.498,3
RF-2021,Financials,19.98957252502441,16.9660530090332,2.51,"18,326,000","956,000","2,400,000",39.158,19.761,3
RF-2022,Financials,17.24464797973633,16.71068572998047,2.29,"15,947,000","935,000","2,146,000",38.871,22.515,3
RF-2023,Financials,20.51049041748047,19.79144287109375,2.11,"17,429,000","936,000","1,976,000",39.6,23.158,3
ROP-2020,Information Technology,394.9286193847656,461.00732421875,9.08,"10,479,800","104,600","949,700",33.083,8.288,5.667
ROP-2021,Information Technology,464.7833862304688,388.9381408691406,10.95,"11,563,800","105,300","1,152,600",28,7.44,5
ROP-2022,Information Technology,436.2561950683594,476.7095642089844,42.92,"16,037,800","105,900","4,544,700",32.45,9.614,5
ROP-2023,Information Technology,558.5191650390625,562.1334228515625,12.98,"17,444,800","106,600","1,384,200",32.725,11.002,5
SBAC-2020,Real Estate,266.4637756347656,306.7027282714844,0.22,"-4,824,382","111,532","24,104",23.75,6.36,3
SBAC-2021,Real Estate,332.9096374511719,310.3199462890625,2.17,"-5,283,404","109,328","237,624",24.25,9.079,3
SBAC-2022,Real Estate,254.8403930664062,226.999038696289,4.27,"-5,276,315","107,957","461,429",24.438,11.632,3
SBAC-2023,Real Estate,214.6705322265625,195.3302307128907,4.64,"-5,170,882","108,204","501,812",24.742,13.353,3
SCHW-2020,Financials,62.0225944519043,69.5075912475586,2.13,"56,060,000","1,429,000","3,043,000",40.3,14.102,5
SCHW-2021,Financials,81.07144165039062,60.88191604614258,2.84,"56,261,000","1,887,000","5,360,000",39.938,15.003,5
SCHW-2022,Financials,50.93072891235352,55.283203125,3.52,"36,608,000","1,885,000","6,635,000",39.408,15.687,5
SCHW-2023,Financials,71.52857208251953,73.15637969970703,2.55,"40,958,000","1,824,000","4,649,000",40.8,17.625,5
SHW-2020,Materials,238.3067016601562,264.574462890625,7.48,"3,610,800","271,278","2,030,400",51.7,21.785,5.333
SHW-2021,Materials,243.7261047363281,219.1309051513672,7.10,"2,437,200","262,500","1,864,400",51.7,22.287,5
SHW-2022,Materials,221.5613861083984,262.4414978027344,7.83,"3,102,100","258,000","2,020,100",52.933,24.094,5
SHW-2023,Materials,345.7721862792969,297.7555236816406,9.35,"3,715,800","255,400","2,388,800",51.008,21.97,5
SLB-2020,Energy,25.52323150634766,30.1887264251709,-7.57,"12,071,000","1,390,000","-10,518,000",46.668,22.103,5
SLB-2021,Energy,39.45564651489258,34.26112747192383,1.34,"15,004,000","1,400,000","1,881,000",48.767,24.551,5
SLB-2022,Energy,47.59349822998047,47.83816146850586,2.43,"17,685,000","1,416,000","3,441,000",49.1,25.936,5
SLB-2023,Energy,54.15428924560547,46.88111877441406,2.95,"20,189,000","1,425,000","4,203,000",47.025,25.895,5
SPG-2020,Real Estate,93.86322021484376,107.6494216918945,3.59,"3,039,472","308,738","1,109,227",25.65,10.463,3
SPG-2021,Real Estate,113.3891906738281,82.85027313232422,6.84,"3,361,452","328,587","2,246,294",25.65,10.882,3
SPG-2022,Real Estate,102.4917831420898,107.2852249145508,6.52,"3,138,524","327,817","2,136,198",25.913,11.651,3
SPG-2023,Real Estate,152.4774322509766,149.8257446289062,6.98,"3,022,834","326,808","2,279,789",26.375,12.738,3
SRE-2020,Utilities,59.21684265136719,59.67902755737305,6.46,"23,393,000","582,154","3,764,000",64.187,34.315,5.167
SRE-2021,Utilities,77.66931915283203,69.92507934570312,2.02,"26,001,000","623,510","1,254,000",63.708,33.913,6.333
SRE-2022,Utilities,71.90904998779297,69.82259368896484,3.33,"27,135,000","630,318","2,094,000",54.4,29.697,5
SRE-2023,Utilities,70.6235122680664,75.4404067993164,4.81,"28,695,000","630,296","3,030,000",55.279,31.308,5
STLD-2020,Materials,47.92302703857422,56.56475830078125,2.61,"4,345,164","211,140","550,822",52.925,18.595,7
STLD-2021,Materials,80.20401763916016,63.85012817382812,15.67,"6,304,641","205,115","3,214,066",56.233,21.342,7
STLD-2022,Materials,110.5749740600586,106.9472503662109,21.06,"8,130,357","183,393","3,862,674",55.325,22.015,7
STLD-2023,Materials,147.2156677246094,129.0236358642578,14.72,"8,866,666","166,552","2,450,882",54.592,21.751,7
SWK-2020,Industrials,180.2853240966797,185.7906951904297,7.85,"11,059,600","154,176","1,233,800",47.875,16.992,6.5
SWK-2021,Industrials,128.1874542236328,96.6288604736328,10.55,"11,590,500","158,760","1,689,200",47.95,21.465,5
SWK-2022,Industrials,76.2163314819336,89.4554214477539,7.13,"9,712,100","148,170","1,062,500",47.95,22.079,5
SWK-2023,Industrials,96.14583587646484,79.14611053466797,-2.07,"9,056,100","149,751","-310,500",48.1,22.776,5
T-2020,Communication Services,17.28549194335938,16.82184600830078,-0.75,"161,673,000","7,157,000","-5,369,000",38.271,19.18,3
T-2021,Communication Services,14.84472179412842,17.9057674407959,2.77,"166,332,000","7,168,000","19,874,000",38.567,18.947,3.333
T-2022,Communication Services,17.20447540283203,14.46098041534424,-1.13,"97,500,000","7,166,000","-8,064,000",40.15,18.057,5
T-2023,Communication Services,16.78646469116211,18.52399444580078,1.97,"103,297,000","7,181,000","14,192,000",43.142,19.85,5
TAP-2020,Consumer Staples,46.89361572265625,49.22224426269531,-4.38,"12,365,000","216,800","-949,000",38.925,20.458,3
TAP-2021,Consumer Staples,49.67739105224609,51.10893630981445,4.63,"13,417,100","217,100","1,005,700",39.367,20.622,3
TAP-2022,Consumer Staples,49.49716186523438,63.55023193359375,-0.81,"12,689,700","216,900","-175,300",40.638,19.906,4.5
TAP-2023,Consumer Staples,66.22364044189453,50.40690231323242,4.39,"13,196,000","216,000","948,900",41.417,19.781,5
TDY-2020,Information Technology,413.6499938964844,418.8299865722656,10.88,"3,228,600","36,952","401,900",51.65,14.137,7
TDY-2021,Information Technology,472.6300048828125,375.1099853515625,9.54,"7,622,000","46,692","445,300",51.65,13.428,7
TDY-2022,Information Technology,447.3599853515625,411.1099853515625,16.82,"8,169,200","46,913","788,600",51.65,14.124,7
TDY-2023,Information Technology,429.3200073242188,387.9800109863281,18.71,"9,221,200","47,332","885,700",52.225,16.584,7
TFC-2020,Financials,48.96134185791016,46.98754501342773,3.11,"70,807,000","1,347,080","4,184,000",38.25,14.14,5
TFC-2021,Financials,49.13057708740234,41.40151977539063,4.51,"69,271,000","1,337,144","6,033,000",38.329,15.031,4.833
TFC-2022,Financials,30.74366188049316,27.65469360351562,4.46,"60,514,000","1,328,120","5,927,000",39.2,21.141,3
TFC-2023,Financials,37.44137573242188,37.8632698059082,-1.09,"59,101,000","1,331,963","-1,452,000",40.133,21.798,3
TMUS-2020,Communication Services,123.7772979736328,143.0813751220703,2.68,"65,344,000","1,144,206","3,064,000",38.3,11.643,5
TMUS-2021,Communication Services,126.8003616333008,132.9156036376953,2.42,"69,102,000","1,247,155","3,024,000",38.717,13.29,5
TMUS-2022,Communication Services,143.0912475585938,137.2229614257812,2.07,"69,656,000","1,249,764","2,590,000",42,17.316,5
TMUS-2023,Communication Services,161.9532623291016,175.5091247558594,7.02,"64,715,000","1,185,122","8,317,000",45.417,20.383,5
TRGP-2020,Energy,29.50805282592773,41.45907974243164,-7.26,"2,653,900","232,200","-1,684,800",48.1,11.756,7
TRGP-2021,Energy,70.89067840576172,56.39120483398438,-0.07,"2,011,800","228,600","-16,100",48.183,14.504,7
TRGP-2022,Energy,69.99061584472656,73.35356140136719,3.95,"2,665,700","227,300","896,800",52.242,18.35,7
TRGP-2023,Energy,110.0093841552734,127.2380905151367,3.69,"2,739,700","224,600","835,800",54.963,21.552,7
TSCO-2020,Consumer Discretionary,167.2817230224609,176.2981719970703,6.44,"1,923,840","116,370","748,958",25.55,9.721,3
TSCO-2021,Consumer Discretionary,222.8516998291016,185.9082336425781,8.69,"2,002,665","114,794","997,114",25.812,10.903,3
TSCO-2022,Consumer Discretionary,228.5886840820312,215.9860992431641,9.78,"2,042,416","111,336","1,088,712",26.062,12.25,3
TSCO-2023,Consumer Discretionary,259.5072937011719,268.9514770507812,10.15,"2,149,762","109,096","1,107,226",28.358,12.493,3
TSLA-2020,Consumer Discretionary,222.6433258056641,226.5666656494141,0.25,"22,225,000","2,880,000","690,000",41.5,10.322,7
TSLA-2021,Consumer Discretionary,359.2000122070312,224.4733276367188,1.87,"30,189,000","2,959,000","5,524,000",41.2,10.667,6.5
TSLA-2022,Consumer Discretionary,207.4600067138672,261.7699890136719,4.02,"44,704,000","3,130,000","12,583,000",40.217,11.642,5
TSLA-2023,Consumer Discretionary,175.7899932861328,197.8800048828125,4.73,"62,634,000","3,173,500","14,999,000",41.288,14.302,5
TYL-2020,Information Technology,424.5299987792969,452.3699951171875,4.87,"1,986,111","40,035","194,820",28.05,8.051,4.167
TYL-2021,Information Technology,444.8900146484375,332.4800109863281,3.95,"2,324,032","40,848","161,458",28.508,8.904,3.333
TYL-2022,Information Technology,354.6400146484375,416.4700012207031,3.95,"2,624,389","41,544","164,240",31.938,12.132,3.333
TYL-2023,Information Technology,425.010009765625,502.7799987792969,3.95,"2,937,995","42,024","165,919",33.05,13.354,3
UBER-2020,Industrials,54.5099983215332,50.11999893188477,-3.86,"12,266,000","1,752,960","-6,768,000",42.7,8.99,6.667
UBER-2021,Industrials,35.68000030517578,20.45999908447266,-0.26,"14,458,000","1,892,546","-496,000",42.575,13.524,5
UBER-2022,Industrials,31.70000076293945,43.16999816894531,-4.64,"7,340,000","1,972,131","-9,141,000",45.15,15.96,5
UBER-2023,Industrials,76.98999786376953,72.68000030517578,0.93,"11,249,000","2,035,651","1,887,000",45.1,17.873,5
UDR-2020,Real Estate,38.24028015136719,43.11752700805664,0.20,"3,234,200","294,545","60,036",26.95,11.743,3
UDR-2021,Real Estate,51.62860870361328,41.68796920776367,0.49,"3,442,874","300,326","145,787",26.75,13.658,3
UDR-2022,Real Estate,38.09723663330078,40.26675796508789,0.26,"4,098,085","321,671","82,512",26.75,14.428,3
UDR-2023,Real Estate,36.20392608642578,40.26154327392578,1.34,"3,991,144","328,765","439,505",28.317,14.897,3
UNP-2020,Industrials,204.0196228027344,204.5148315429688,7.90,"16,958,000","677,300","5,349,000",38.3,16.849,5
UNP-2021,Industrials,257.7447814941406,202.1927032470703,9.98,"14,161,000","653,800","6,523,000",39.262,15.784,5
UNP-2022,Industrials,194.1936798095703,198.7675170898437,11.24,"12,163,000","622,700","6,998,000",40.5,15.378,5
UNP-2023,Industrials,243.280288696289,224.9768981933593,10.47,"14,788,000","609,200","6,379,000",43.15,19.671,5
VLO-2020,Energy,62.01907348632812,68.6739273071289,-3.50,"18,801,000","407,000","-1,426,000",53.2,17.331,6.667
VLO-2021,Energy,92.90778350830078,98.35852813720705,2.27,"18,430,000","407,000","924,000",53.2,24.783,5
VLO-2022,Energy,132.3113098144531,111.9873123168945,29.05,"23,561,000","395,000","11,485,000",53.225,22.672,7
VLO-2023,Energy,167.1254425048828,154.652587890625,24.93,"26,346,000","353,000","8,808,000",56.675,25.177,6.833
VMC-2020,Materials,163.8865814208984,169.42578125,4.41,"6,027,300","132,578","584,500",46.725,13.817,6.833
VMC-2021,Materials,179.8418884277344,139.4195098876953,5.05,"6,545,000","132,800","670,800",46.325,17.281,5
VMC-2022,Materials,169.5030670166016,223.2655792236328,4.33,"6,928,600","133,000","575,600",47.6,18.48,5
VMC-2023,Materials,271.9673767089844,248.2414855957031,7.02,"7,483,400","133,000","933,200",46.988,17.568,5.167
VRSN-2020,Information Technology,198.759994506836,227.6900024414062,7.08,"-1,390,198","115,058","814,888",33.85,10.471,5
VRSN-2021,Information Technology,222.4600067138672,167.3300018310547,7.01,"-1,260,500","112,015","784,800",33.85,11.667,5
VRSN-2022,Information Technology,211.3300018310547,225.9700012207031,6.24,"-1,562,200","107,900","673,800",34.9,13.31,5
VRSN-2023,Information Technology,189.509994506836,177.8000030517578,7.91,"-1,581,000","103,400","817,600",35.25,13.859,5
VTR-2020,Real Estate,46.90261077880859,50.62515640258789,1.18,"10,180,167","373,368","439,149",27.525,13.843,3
VTR-2021,Real Estate,56.12135696411133,47.07161331176758,0.13,"10,854,385","382,785","49,008",27.25,15.219,3
VTR-2022,Real Estate,40.88901901245117,45.04238510131836,-0.12,"10,152,968","399,549","-47,447",27.3,14.859,3
VTR-2023,Real Estate,42.712646484375,50.81000137329102,-0.10,"9,488,058","401,809","-40,973",29.967,17.01,3
VZ-2020,Communication Services,46.782470703125,45.55947113037109,4.30,"67,842,000","4,140,000","17,801,000",37.383,18.161,3.667
VZ-2021,Communication Services,42.83939743041992,43.19382476806641,5.32,"81,790,000","4,148,000","22,065,000",37.3,19.3,3
VZ-2022,Communication Services,34.49592208862305,33.50660705566406,5.06,"91,144,000","4,202,000","21,256,000",39.479,21.388,3
VZ-2023,Communication Services,39.95273971557617,39.92935562133789,2.76,"92,430,000","4,211,000","11,614,000",41.35,22.826,3
WEC-2020,Utilities,83.35799407958984,79.85563659667969,3.80,"10,500,100","315,400","1,199,900",60.3,27.602,7
WEC-2021,Utilities,91.57994842529295,93.07803344726562,4.12,"10,943,600","315,400","1,300,300",58.112,26.948,6.5
WEC-2022,Utilities,89.63709259033203,84.14686584472656,4.46,"11,407,300","315,400","1,408,100",51.55,24.07,5
WEC-2023,Utilities,80.4509506225586,77.69312286376953,4.22,"11,754,600","315,400","1,331,700",54.117,26.71,5
WM-2020,Industrials,121.8767318725586,132.9810638427734,3.54,"7,452,000","423,000","1,496,000",32.45,17.393,3
WM-2021,Industrials,152.1552734375,147.4739990234375,4.32,"7,124,000","420,400","1,816,000",32.45,17.557,3
WM-2022,Industrials,159.1548004150391,169.9461669921875,5.42,"6,849,000","412,800","2,238,000",34.063,17.878,3
WM-2023,Industrials,211.605712890625,212.5498504638672,5.69,"6,903,000","404,900","2,304,000",34.733,17.792,3
WY-2020,Real Estate,30.45541572570801,29.59599113464355,1.07,"8,731,000","746,931","797,000",37.9,18.644,3
WY-2021,Real Estate,33.50717544555664,30.47076606750488,3.48,"10,767,000","749,496","2,607,000",38.655,21.238,3
WY-2022,Real Estate,28.15187263488769,32.35020446777344,2.53,"10,749,000","741,904","1,880,000",38.929,21.414,3
WY-2023,Real Estate,35.31162261962891,28.19894981384277,1.15,"10,236,000","731,654","839,000",39.538,22.678,3
WYNN-2020,Consumer Discretionary,123.7798690795898,120.7488174438477,-19.37,"-351,997","106,745","-2,067,245",38,11.178,5
WYNN-2021,Consumer Discretionary,78.72862243652344,56.25729751586914,-6.64,"-214,418","113,760","-755,786",38.45,11.252,5
WYNN-2022,Consumer Discretionary,110.490592956543,104.2704925537109,-3.73,"-750,838","113,623","-423,856",39.288,12.756,5
WYNN-2023,Consumer Discretionary,101.7257232666016,89.26959228515625,6.49,"-251,382","112,523","729,994",39.133,13.149,5
XEL-2020,Utilities,59.60015869140625,59.4759521484375,2.79,"14,575,000","527,000","1,473,000",67.833,38.529,5
XEL-2021,Utilities,66.49108123779297,65.64726257324219,2.96,"15,612,000","539,000","1,597,000",67.171,38.34,5
XEL-2022,Utilities,63.86454391479492,59.34652709960938,3.18,"16,675,000","547,000","1,736,000",57.25,33.594,5
XEL-2023,Utilities,52.64177703857422,52.87137985229492,3.21,"17,616,000","552,000","1,771,000",59.296,33.894,5
XOM-2020,Energy,48.07781219482422,55.24362182617188,-5.25,"157,150,000","4,274,286","-22,440,000",68.854,35.772,7
XOM-2021,Energy,75.49546813964844,79.15132141113281,5.39,"168,577,000","4,274,583","23,040,000",68.833,33.819,7
XOM-2022,Energy,104.2166748046875,102.7106094360352,13.26,"195,049,000","4,203,620","55,740,000",67.625,30.822,7
XOM-2023,Energy,114.2417297363281,114.1924819946289,8.89,"204,802,000","4,050,619","36,010,000",71.929,31.458,8.5
YUM-2020,Consumer Discretionary,101.4533462524414,108.3944473266602,2.99,"-7,891,000","302,000","904,000",35.423,17.39,3
YUM-2021,Consumer Discretionary,113.0230941772461,108.7388076782227,5.30,"-8,373,000","297,000","1,575,000",39.2,17.686,5
YUM-2022,Consumer Discretionary,128.3643646240234,135.2721405029297,4.63,"-8,876,000","286,000","1,325,000",40.233,19.366,5
YUM-2023,Consumer Discretionary,137.2849273681641,131.812255859375,5.68,"-7,858,000","281,000","1,597,000",40.425,20.095,5
